time,ssrd,tcc,2t,10v,10u
2024-01-01 06:00:00,0.00,0.76,276.33,-0.36,0.45
2024-01-01 08:00:00,8613.44,0.62,275.75,-0.21,0.25
2024-01-01 10:00:00,638557.45,0.50,278.19,0.23,0.27
2024-01-01 12:00:00,1273696.70,0.45,280.61,0.82,1.09
2024-01-01 14:00:00,1368497.44,0.31,282.69,1.45,1.40
2024-01-01 16:00:00,633469.72,0.52,282.46,1.12,1.59
2024-01-01 18:00:00,0.00,0.98,278.81,1.50,0.84
2024-01-01 20:00:00,0.00,0.95,277.09,1.41,0.66
2024-01-01 22:00:00,0.00,1.00,276.11,1.55,0.82
2024-01-02 06:00:00,0.00,0.74,275.01,1.37,0.61
2024-01-02 08:00:00,9474.12,1.00,275.59,1.60,0.21
2024-01-02 10:00:00,552680.02,1.00,278.35,1.93,0.52
2024-01-02 12:00:00,659268.67,1.00,280.57,2.34,1.99
2024-01-02 14:00:00,702658.41,1.00,281.93,2.97,1.60
2024-01-02 16:00:00,267992.11,0.99,281.75,2.82,2.18
2024-01-02 18:00:00,0.00,1.00,281.42,2.69,2.46
2024-01-02 20:00:00,0.00,1.00,281.52,3.01,1.81
2024-01-02 22:00:00,0.00,1.00,282.07,2.88,2.78
2024-01-03 06:00:00,0.00,0.99,282.99,2.59,2.00
2024-01-03 08:00:00,1799.73,1.00,283.07,1.96,2.06
2024-01-03 10:00:00,102043.81,1.00,283.68,0.87,1.61
2024-01-03 12:00:00,254234.09,1.00,284.76,2.21,2.76
2024-01-03 14:00:00,403235.90,1.00,285.03,1.63,3.07
2024-01-03 16:00:00,199692.14,1.00,284.83,1.76,2.00
2024-01-03 18:00:00,0.00,1.00,284.02,1.32,2.10
2024-01-03 20:00:00,0.00,1.00,283.36,0.40,1.78
2024-01-03 22:00:00,0.00,1.00,282.04,0.31,1.15
2024-01-04 06:00:00,0.00,0.96,280.65,0.56,0.67
2024-01-04 08:00:00,5658.56,0.98,280.46,0.76,0.25
2024-01-04 10:00:00,392372.68,1.00,282.04,1.83,0.69
2024-01-04 12:00:00,412999.69,1.00,283.11,2.28,0.93
2024-01-04 14:00:00,496110.97,1.00,283.38,2.12,0.30
2024-01-04 16:00:00,126272.15,1.00,283.20,2.25,0.65
2024-01-04 18:00:00,0.00,1.00,282.48,1.86,1.43
2024-01-04 20:00:00,0.00,1.00,282.11,1.35,2.27
2024-01-04 22:00:00,0.00,0.93,281.18,1.34,1.96
2024-01-05 06:00:00,0.00,0.64,277.81,-0.21,2.72
2024-01-05 08:00:00,10075.15,0.75,277.20,-1.01,2.98
2024-01-05 10:00:00,698093.18,0.53,278.66,-1.69,2.95
2024-01-05 12:00:00,1411336.96,0.38,279.99,-2.43,3.55
2024-01-05 14:00:00,1407574.12,0.43,280.85,-3.41,4.14
2024-01-05 16:00:00,612494.49,0.32,280.24,-2.67,3.87
2024-01-05 18:00:00,0.00,0.28,278.14,-1.66,3.40
2024-01-05 20:00:00,0.00,0.31,277.60,-1.05,3.37
2024-01-05 22:00:00,0.00,0.29,277.27,-0.21,2.47
2024-01-06 06:00:00,0.00,0.30,275.13,-1.11,2.48
2024-01-06 08:00:00,12087.99,0.32,274.86,-0.75,2.35
2024-01-06 10:00:00,770244.23,0.24,277.74,-1.16,2.69
2024-01-06 12:00:00,1323308.16,0.39,279.61,-2.93,3.28
2024-01-06 14:00:00,1266948.95,0.66,280.77,-3.96,2.86
2024-01-06 16:00:00,552775.83,0.48,280.21,-2.57,2.18
2024-01-06 18:00:00,6.15,0.26,277.34,-1.31,1.89
2024-01-06 20:00:00,0.00,0.19,276.29,-0.94,1.96
2024-01-06 22:00:00,0.00,0.34,275.11,-0.77,1.89
2024-01-07 06:00:00,0.00,0.40,272.86,-1.37,1.09
2024-01-07 08:00:00,11787.42,0.24,272.56,-1.53,0.77
2024-01-07 10:00:00,816860.83,0.15,276.93,-1.40,0.97
2024-01-07 12:00:00,1432156.38,0.35,279.46,-2.49,1.34
2024-01-07 14:00:00,1359487.08,0.22,280.93,-2.50,1.88
2024-01-07 16:00:00,661265.94,0.31,280.51,-1.89,1.40
2024-01-07 18:00:00,19.46,0.19,276.60,-1.23,1.69
2024-01-07 20:00:00,0.00,0.27,275.03,-1.48,1.48
2024-01-07 22:00:00,0.00,0.27,274.37,-1.49,1.29
2024-01-08 06:00:00,0.00,0.08,270.84,-1.09,0.24
2024-01-08 08:00:00,13674.07,0.05,270.77,-0.99,-0.04
2024-01-08 10:00:00,907456.84,0.04,275.90,-0.52,0.25
2024-01-08 12:00:00,1596961.08,0.09,278.91,-0.06,0.48
2024-01-08 14:00:00,1546513.44,0.64,280.04,0.07,0.53
2024-01-08 16:00:00,646581.03,0.99,279.49,0.58,0.19
2024-01-08 18:00:00,37.90,0.99,277.72,0.66,-0.21
2024-01-08 20:00:00,0.00,1.00,276.66,1.11,0.09
2024-01-08 22:00:00,0.00,1.00,276.13,1.29,0.10
2024-01-09 06:00:00,0.00,0.92,275.78,0.18,-0.66
2024-01-09 08:00:00,6257.15,0.99,275.52,-0.07,-0.58
2024-01-09 10:00:00,432032.59,1.00,277.28,0.32,-0.79
2024-01-09 12:00:00,1097642.46,1.00,279.14,1.10,-0.34
2024-01-09 14:00:00,1130116.47,0.99,279.77,1.19,0.18
2024-01-09 16:00:00,395791.73,0.98,279.50,0.07,-0.25
2024-01-09 18:00:00,73.74,0.94,278.48,-0.43,-0.71
2024-01-09 20:00:00,0.00,0.96,278.00,-0.49,-1.05
2024-01-09 22:00:00,0.00,0.96,277.27,-0.47,0.01
2024-01-10 06:00:00,0.00,0.99,276.81,0.86,0.93
2024-01-10 08:00:00,3579.54,1.00,277.07,1.27,1.21
2024-01-10 10:00:00,208445.24,1.00,278.38,1.19,2.17
2024-01-10 12:00:00,539502.85,1.00,279.38,1.33,3.56
2024-01-10 14:00:00,526836.54,0.99,279.68,0.92,3.72
2024-01-10 16:00:00,299443.55,1.00,279.64,0.98,3.01
2024-01-10 18:00:00,141.34,0.99,278.94,1.13,2.16
2024-01-10 20:00:00,0.00,0.99,278.72,0.82,2.31
2024-01-10 22:00:00,0.00,0.92,278.55,-0.25,1.71
2024-01-11 06:00:00,0.00,0.72,275.72,-1.69,-0.46
2024-01-11 08:00:00,11337.60,0.68,274.58,-1.69,-0.41
2024-01-11 10:00:00,810189.19,0.38,277.10,-1.74,-0.28
2024-01-11 12:00:00,1460860.40,0.45,279.25,-1.92,-0.91
2024-01-11 14:00:00,1117652.00,0.59,280.03,-2.01,-0.74
2024-01-11 16:00:00,520801.07,0.55,279.36,-1.59,-0.76
2024-01-11 18:00:00,371.75,0.43,276.80,-1.23,-1.24
2024-01-11 20:00:00,0.00,0.36,275.41,-1.40,-1.21
2024-01-11 22:00:00,0.00,0.19,274.14,-1.23,-1.18
2024-01-12 06:00:00,0.00,0.12,271.02,-0.95,-1.59
2024-01-12 08:00:00,14003.17,0.12,270.80,-0.73,-1.50
2024-01-12 10:00:00,873795.78,0.38,274.66,-0.51,-1.60
2024-01-12 12:00:00,1548708.20,0.29,277.32,0.48,-1.58
2024-01-12 14:00:00,1533272.68,0.29,279.36,0.75,-1.50
2024-01-12 16:00:00,736936.40,0.20,279.53,0.44,-1.33
2024-01-12 18:00:00,703.57,0.79,276.47,-0.22,-1.38
2024-01-12 20:00:00,0.00,0.36,275.74,-0.29,-1.11
2024-01-12 22:00:00,0.00,0.60,274.45,-0.59,-0.98
2024-01-13 06:00:00,0.00,0.65,274.68,0.06,-1.07
2024-01-13 08:00:00,12689.90,0.62,274.41,0.12,-0.99
2024-01-13 10:00:00,726499.56,0.91,277.36,-0.12,-0.69
2024-01-13 12:00:00,1250443.77,0.99,279.90,0.88,-0.93
2024-01-13 14:00:00,1124528.52,0.99,281.64,1.12,-0.63
2024-01-13 16:00:00,551123.86,0.96,282.01,0.97,-0.42
2024-01-13 18:00:00,837.72,0.86,280.05,0.66,-0.74
2024-01-13 20:00:00,0.00,0.98,278.92,0.60,-0.56
2024-01-13 22:00:00,0.00,0.98,278.08,0.01,-0.63
2024-01-14 06:00:00,0.00,0.64,277.71,0.79,-0.46
2024-01-14 08:00:00,11294.35,1.00,277.96,1.05,-0.54
2024-01-14 10:00:00,445389.84,1.00,279.92,1.15,0.20
2024-01-14 12:00:00,762987.47,0.99,281.56,1.52,0.67
2024-01-14 14:00:00,854373.02,0.99,283.01,2.08,1.78
2024-01-14 16:00:00,481280.94,0.87,282.94,2.05,2.26
2024-01-14 18:00:00,1323.09,0.89,281.72,1.76,2.51
2024-01-14 20:00:00,0.00,0.95,281.35,1.23,2.38
2024-01-14 22:00:00,0.00,1.00,281.21,1.20,1.84
2024-01-15 06:00:00,0.00,1.00,282.08,1.33,1.78
2024-01-15 08:00:00,2669.67,1.00,282.47,1.27,2.32
2024-01-15 10:00:00,131112.22,1.00,283.33,1.43,2.42
2024-01-15 12:00:00,267817.85,1.00,284.86,1.74,3.68
2024-01-15 14:00:00,379614.38,1.00,286.02,1.42,4.20
2024-01-15 16:00:00,274778.77,0.99,285.95,1.72,3.25
2024-01-15 18:00:00,776.24,0.99,285.27,2.17,2.59
2024-01-15 20:00:00,0.00,1.00,285.01,2.05,2.55
2024-01-15 22:00:00,0.00,0.99,285.26,1.56,3.04
2024-01-16 06:00:00,0.00,1.00,285.01,2.95,2.76
2024-01-16 08:00:00,4520.50,1.00,284.86,3.26,2.33
2024-01-16 10:00:00,224087.05,1.00,285.33,3.21,1.03
2024-01-16 12:00:00,606740.32,0.98,286.15,3.96,1.38
2024-01-16 14:00:00,920098.49,0.99,286.88,4.07,2.12
2024-01-16 16:00:00,572548.43,1.00,286.35,3.62,1.68
2024-01-16 18:00:00,2545.81,1.00,284.83,4.15,1.29
2024-01-16 20:00:00,0.00,1.00,284.22,5.36,1.12
2024-01-16 22:00:00,0.00,0.96,283.76,5.19,1.42
2024-01-17 06:00:00,0.00,1.00,283.35,5.78,2.80
2024-01-17 08:00:00,2785.83,1.00,282.80,4.91,1.55
2024-01-17 10:00:00,240810.96,0.82,283.44,5.14,4.38
2024-01-17 12:00:00,904620.66,0.83,284.42,4.69,4.47
2024-01-17 14:00:00,558142.29,0.96,284.32,4.31,3.54
2024-01-17 16:00:00,616432.92,0.76,284.56,3.60,5.47
2024-01-17 18:00:00,2617.47,0.64,283.87,3.68,4.99
2024-01-17 20:00:00,0.00,0.65,283.59,3.71,5.00
2024-01-17 22:00:00,0.00,0.54,283.25,3.68,6.14
2024-01-18 06:00:00,0.00,0.89,282.74,3.50,4.13
2024-01-18 08:00:00,4874.58,0.97,282.83,3.36,3.78
2024-01-18 10:00:00,483235.50,0.93,284.44,2.57,3.76
2024-01-18 12:00:00,1019856.89,0.66,285.57,2.40,4.04
2024-01-18 14:00:00,1163594.99,0.82,286.16,1.44,4.26
2024-01-18 16:00:00,574269.45,0.84,285.52,1.05,3.03
2024-01-18 18:00:00,3862.65,0.98,283.71,1.23,1.32
2024-01-18 20:00:00,0.00,1.00,283.18,1.17,0.07
2024-01-18 22:00:00,0.00,1.00,282.65,1.59,-0.01
2024-01-19 06:00:00,0.00,1.00,281.69,-0.46,-1.35
2024-01-19 08:00:00,2458.05,1.00,281.00,-1.19,-2.44
2024-01-19 10:00:00,82130.59,1.00,280.67,-1.73,-1.73
2024-01-19 12:00:00,151081.46,1.00,280.28,-1.81,-2.80
2024-01-19 14:00:00,283200.20,0.97,279.93,-2.09,-2.62
2024-01-19 16:00:00,200973.33,0.98,279.77,-2.68,-1.25
2024-01-19 18:00:00,1660.00,0.99,278.82,-3.78,-0.65
2024-01-19 20:00:00,0.00,1.00,278.13,-4.24,-0.25
2024-01-19 22:00:00,0.00,1.00,276.56,-4.36,0.43
2024-01-20 06:00:00,0.00,0.41,274.76,-2.63,0.14
2024-01-20 08:00:00,13092.36,0.46,274.68,-1.91,-0.50
2024-01-20 10:00:00,711117.33,0.42,277.37,-1.28,-0.37
2024-01-20 12:00:00,1394481.87,0.43,279.93,0.03,-0.87
2024-01-20 14:00:00,1242438.51,0.49,281.05,0.85,-0.38
2024-01-20 16:00:00,637200.36,0.55,280.93,1.08,-0.10
2024-01-20 18:00:00,5222.43,0.55,279.30,0.86,-0.69
2024-01-20 20:00:00,0.00,0.58,278.40,0.84,-0.74
2024-01-20 22:00:00,0.00,0.78,277.94,-0.25,-0.01
2024-01-21 06:00:00,0.00,0.75,276.13,-0.66,-0.08
2024-01-21 08:00:00,18486.11,0.37,275.43,-0.10,-0.15
2024-01-21 10:00:00,797895.29,0.30,278.96,-0.20,-0.14
2024-01-21 12:00:00,1604577.92,0.23,281.77,0.47,0.00
2024-01-21 14:00:00,1690374.80,0.12,283.82,0.76,0.65
2024-01-21 16:00:00,910220.81,0.00,284.07,1.04,0.82
2024-01-21 18:00:00,8983.83,0.00,280.81,1.23,0.60
2024-01-21 20:00:00,0.00,0.01,279.13,0.54,0.71
2024-01-21 22:00:00,0.00,0.01,277.58,0.73,0.16
2024-01-22 06:00:00,0.00,0.71,274.83,0.20,-0.12
2024-01-22 08:00:00,21881.51,0.49,275.00,0.15,-0.00
2024-01-22 10:00:00,892330.17,0.78,278.17,-0.07,0.45
2024-01-22 12:00:00,1671347.36,0.76,281.68,-0.20,1.03
2024-01-22 14:00:00,1631432.20,0.42,283.87,0.44,1.09
2024-01-22 16:00:00,848958.62,0.59,284.52,0.20,0.90
2024-01-22 18:00:00,9676.16,0.64,281.96,0.70,0.46
2024-01-22 20:00:00,0.00,0.80,281.02,0.00,0.39
2024-01-22 22:00:00,0.00,0.91,279.92,0.42,0.39
2024-01-23 06:00:00,0.00,0.62,277.83,-0.54,-0.49
2024-01-23 08:00:00,18256.35,0.81,277.76,-0.81,-0.42
2024-01-23 10:00:00,612806.57,0.69,281.01,-0.41,-0.45
2024-01-23 12:00:00,1321255.67,0.44,284.90,-0.56,-0.40
2024-01-23 14:00:00,1519926.64,0.09,287.66,-0.65,0.05
2024-01-23 16:00:00,883533.95,0.02,288.16,-0.10,0.14
2024-01-23 18:00:00,12129.63,0.00,285.41,-0.08,-0.22
2024-01-23 20:00:00,0.00,0.00,282.63,-0.49,-0.59
2024-01-23 22:00:00,0.00,0.03,280.82,-0.63,-0.82
2024-01-24 06:00:00,0.00,0.52,278.15,-0.45,-0.69
2024-01-24 08:00:00,25165.49,0.36,278.32,-0.24,-0.82
2024-01-24 10:00:00,918093.74,0.26,282.33,-0.09,-0.84
2024-01-24 12:00:00,1716052.76,0.05,286.67,0.17,-0.44
2024-01-24 14:00:00,1752082.04,0.00,289.97,0.44,-0.30
2024-01-24 16:00:00,942765.67,0.00,290.65,0.39,-0.16
2024-01-24 18:00:00,14583.17,0.00,286.71,0.17,-0.11
2024-01-24 20:00:00,0.00,0.00,283.46,-0.33,-0.57
2024-01-24 22:00:00,0.00,0.00,281.43,-0.37,-0.94
2024-01-25 06:00:00,0.00,0.17,277.84,-0.21,-0.69
2024-01-25 08:00:00,29618.66,0.45,278.07,-0.13,-0.69
2024-01-25 10:00:00,1001349.63,0.84,282.83,-0.24,-0.56
2024-01-25 12:00:00,1784780.00,0.73,287.64,0.13,-0.27
2024-01-25 14:00:00,1775345.84,0.30,290.45,0.14,0.16
2024-01-25 16:00:00,952643.70,0.55,290.82,0.02,0.06
2024-01-25 18:00:00,16524.71,0.50,286.83,0.01,-0.22
2024-01-25 20:00:00,0.00,0.37,283.23,-0.33,-0.61
2024-01-25 22:00:00,0.00,0.80,280.70,-0.64,-0.62
2024-01-26 06:00:00,0.00,0.99,277.80,-0.77,-0.73
2024-01-26 08:00:00,28335.06,0.99,277.84,-0.84,-0.74
2024-01-26 10:00:00,931008.94,0.97,283.23,-0.94,-0.73
2024-01-26 12:00:00,1722812.60,0.97,288.32,-0.59,-0.75
2024-01-26 14:00:00,1761267.16,0.92,291.42,-0.37,-0.69
2024-01-26 16:00:00,976860.34,0.73,291.88,-0.46,-0.64
2024-01-26 18:00:00,18818.39,0.85,287.59,-0.70,-0.88
2024-01-26 20:00:00,0.00,0.99,284.34,-0.48,-1.02
2024-01-26 22:00:00,0.00,1.00,282.24,-0.68,-1.11
2024-01-27 06:00:00,0.00,0.98,279.10,-0.44,-1.24
2024-01-27 08:00:00,28207.15,1.00,278.85,-0.41,-1.25
2024-01-27 10:00:00,887253.03,1.00,283.69,-0.36,-1.24
2024-01-27 12:00:00,1601599.40,1.00,288.09,0.17,-1.48
2024-01-27 14:00:00,1652972.60,1.00,290.47,0.39,-1.45
2024-01-27 16:00:00,819083.18,0.99,290.52,0.32,-0.76
2024-01-27 18:00:00,19161.03,0.99,286.73,-0.36,-0.92
2024-01-27 20:00:00,0.00,0.98,284.03,-0.19,-1.27
2024-01-27 22:00:00,0.00,0.99,281.83,0.12,-1.36
2024-01-28 06:00:00,0.00,0.20,277.65,0.09,-1.29
2024-01-28 08:00:00,37062.66,0.17,277.76,0.05,-1.30
2024-01-28 10:00:00,1041648.03,0.29,283.01,0.22,-1.30
2024-01-28 12:00:00,1816325.92,0.86,286.97,0.84,-1.04
2024-01-28 14:00:00,1798675.96,0.81,289.44,0.92,-0.57
2024-01-28 16:00:00,984547.26,0.83,289.58,0.78,-0.36
2024-01-28 18:00:00,23761.28,0.99,285.89,0.04,-0.87
2024-01-28 20:00:00,0.00,0.99,282.99,-0.32,-1.14
2024-01-28 22:00:00,0.00,0.99,282.09,-0.13,-1.11
2024-01-29 06:00:00,0.00,0.92,279.08,-0.17,-1.23
2024-01-29 08:00:00,34403.87,0.96,279.08,-0.08,-1.47
2024-01-29 10:00:00,889865.91,0.99,282.53,0.50,-1.76
2024-01-29 12:00:00,1740801.76,1.00,285.29,0.79,-1.29
2024-01-29 14:00:00,1677638.36,1.00,287.04,0.69,-0.86
2024-01-29 16:00:00,779252.00,0.99,286.42,0.68,-1.11
2024-01-29 18:00:00,21782.80,0.99,284.46,0.33,-0.43
2024-01-29 20:00:00,0.00,1.00,281.97,-0.12,-0.95
2024-01-29 22:00:00,0.00,0.99,280.61,-0.10,-1.28
2024-01-30 06:00:00,0.00,0.65,276.98,-0.43,-0.87
2024-01-30 08:00:00,38788.05,0.50,277.05,-0.24,-0.87
2024-01-30 10:00:00,1000255.05,0.37,280.56,0.29,-0.77
2024-01-30 12:00:00,1831693.16,0.16,283.68,0.15,-1.11
2024-01-30 14:00:00,1837962.56,0.00,285.88,0.34,-1.18
2024-01-30 16:00:00,1030452.38,0.00,286.00,0.26,-1.08
2024-01-30 18:00:00,31428.18,0.00,283.44,-0.06,-0.62
2024-01-30 20:00:00,0.00,0.01,280.94,-0.57,-0.67
2024-01-30 22:00:00,0.00,0.05,278.91,-0.46,-0.95
2024-01-31 06:00:00,0.00,0.58,276.67,-0.60,-0.93
2024-01-31 08:00:00,34974.03,0.77,276.40,-0.60,-0.84
2024-01-31 10:00:00,845861.47,0.60,279.22,-0.33,-1.11
2024-01-31 12:00:00,1606952.72,0.38,281.69,-0.28,-1.02
2024-01-31 14:00:00,1868681.12,0.29,284.29,-0.38,-0.56
2024-01-31 16:00:00,1048735.66,0.58,285.13,-0.53,-0.44
2024-01-31 18:00:00,33970.83,0.68,282.02,-0.32,-0.11
2024-01-31 20:00:00,0.00,0.41,279.86,-1.05,-0.09
2024-01-31 22:00:00,0.00,0.22,277.72,-1.46,-0.63
2024-02-01 06:00:00,0.00,0.23,275.59,-1.46,-0.73
2024-02-01 08:00:00,50302.52,0.38,275.48,-1.20,-0.67
2024-02-01 10:00:00,1094461.58,0.07,280.90,-1.60,-0.64
2024-02-01 12:00:00,1911320.68,0.32,285.89,-1.76,-1.00
2024-02-01 14:00:00,1894877.64,0.20,289.10,-1.64,-0.98
2024-02-01 16:00:00,1043986.54,0.24,289.55,-1.23,-0.36
2024-02-01 18:00:00,39332.54,0.15,285.58,-1.70,0.32
2024-02-01 20:00:00,0.00,0.28,282.62,-1.33,0.37
2024-02-01 22:00:00,0.00,0.38,280.08,-1.83,0.08
2024-02-02 06:00:00,0.00,0.10,276.85,-1.57,-0.62
2024-02-02 08:00:00,51446.89,0.14,276.84,-1.77,-0.75
2024-02-02 10:00:00,1067291.52,0.13,282.81,-1.75,-1.34
2024-02-02 12:00:00,1847872.96,0.06,286.33,-1.52,-2.25
2024-02-02 14:00:00,1864569.60,0.22,288.15,-0.87,-2.23
2024-02-02 16:00:00,1065919.73,0.13,288.39,-0.51,-2.05
2024-02-02 18:00:00,42077.80,0.01,284.20,-0.69,-1.88
2024-02-02 20:00:00,0.00,0.00,281.82,-0.74,-1.63
2024-02-02 22:00:00,0.00,0.00,280.00,-0.51,-1.65
2024-02-03 06:00:00,0.00,0.00,276.64,-0.43,-1.50
2024-02-03 08:00:00,57702.95,0.00,276.74,-0.47,-1.37
2024-02-03 10:00:00,1140442.60,0.00,282.07,-0.21,-1.61
2024-02-03 12:00:00,1950365.48,0.00,285.88,0.51,-1.57
2024-02-03 14:00:00,1939580.44,0.00,288.33,0.50,-1.20
2024-02-03 16:00:00,1117611.48,0.00,288.74,0.18,-1.01
2024-02-03 18:00:00,48977.57,0.00,284.95,-0.70,-0.72
2024-02-03 20:00:00,0.00,0.00,280.88,-0.91,-0.82
2024-02-03 22:00:00,0.00,0.00,278.22,-0.65,-0.83
2024-02-04 06:00:00,0.00,0.00,274.88,-0.46,-0.72
2024-02-04 08:00:00,63561.75,0.00,275.08,-0.50,-0.57
2024-02-04 10:00:00,1169579.24,0.02,281.70,-0.30,-0.46
2024-02-04 12:00:00,1986611.32,0.04,286.72,-0.20,-0.46
2024-02-04 14:00:00,1973740.88,0.05,289.64,-0.02,-0.14
2024-02-04 16:00:00,1143994.36,0.09,290.17,0.05,0.17
2024-02-04 18:00:00,54460.19,0.03,285.80,0.12,0.71
2024-02-04 20:00:00,0.00,0.00,282.01,-0.52,0.10
2024-02-04 22:00:00,0.00,0.00,279.22,-0.45,-0.31
2024-02-05 06:00:00,0.00,0.80,274.97,-0.52,-0.55
2024-02-05 08:00:00,58700.46,0.94,275.60,-0.38,-0.50
2024-02-05 10:00:00,1005407.00,0.88,281.09,-0.06,-0.34
2024-02-05 12:00:00,1886796.00,0.90,285.54,0.45,0.04
2024-02-05 14:00:00,1752849.04,0.97,288.15,0.43,0.63
2024-02-05 16:00:00,913371.49,1.00,287.87,0.51,0.83
2024-02-05 18:00:00,44255.66,1.00,284.33,0.40,1.19
2024-02-05 20:00:00,0.00,1.00,281.90,-0.01,1.14
2024-02-05 22:00:00,0.00,0.99,280.14,-0.14,0.14
2024-02-06 06:00:00,0.00,1.00,277.77,-0.15,0.20
2024-02-06 08:00:00,44160.19,1.00,277.74,-0.08,0.22
2024-02-06 10:00:00,829568.81,1.00,281.38,0.05,0.23
2024-02-06 12:00:00,1683393.80,0.97,285.02,0.22,1.36
2024-02-06 14:00:00,1763759.60,0.71,287.02,0.42,2.18
2024-02-06 16:00:00,986196.29,0.62,287.13,0.47,2.57
2024-02-06 18:00:00,60253.96,0.10,284.58,0.83,2.01
2024-02-06 20:00:00,0.00,0.00,281.86,0.50,2.28
2024-02-06 22:00:00,0.00,0.00,279.78,-0.04,2.15
2024-02-07 06:00:00,0.00,0.16,277.36,0.65,1.17
2024-02-07 08:00:00,68691.54,0.75,278.14,0.71,1.05
2024-02-07 10:00:00,839575.49,0.97,281.16,1.23,1.42
2024-02-07 12:00:00,1320501.37,0.98,283.27,1.58,2.55
2024-02-07 14:00:00,1009240.46,0.98,283.98,1.80,3.64
2024-02-07 16:00:00,553038.93,0.82,284.00,1.84,3.23
2024-02-07 18:00:00,31626.70,0.38,283.05,1.78,1.94
2024-02-07 20:00:00,0.00,0.81,281.94,1.86,1.85
2024-02-07 22:00:00,0.00,0.92,281.23,2.21,1.64
2024-02-08 06:00:00,0.00,1.00,280.97,3.29,1.16
2024-02-08 08:00:00,32498.74,1.00,281.06,3.93,0.87
2024-02-08 10:00:00,496821.49,1.00,281.99,4.54,0.96
2024-02-08 12:00:00,699000.97,1.00,283.16,5.08,1.38
2024-02-08 14:00:00,1084278.63,1.00,284.46,5.50,1.72
2024-02-08 16:00:00,289810.90,1.00,284.15,5.36,3.72
2024-02-08 18:00:00,28088.40,1.00,282.53,5.14,3.16
2024-02-08 20:00:00,0.00,1.00,281.42,5.21,1.97
2024-02-08 22:00:00,0.00,1.00,281.48,5.04,1.11
2024-02-09 06:00:00,0.00,1.00,281.89,3.58,2.41
2024-02-09 08:00:00,20811.34,0.99,281.97,3.62,2.09
2024-02-09 10:00:00,376211.26,0.98,283.19,4.61,0.83
2024-02-09 12:00:00,745826.68,0.94,284.05,4.63,0.54
2024-02-09 14:00:00,404949.53,1.00,283.82,4.74,0.70
2024-02-09 16:00:00,153944.39,1.00,283.54,5.32,1.95
2024-02-09 18:00:00,24670.86,0.77,282.67,4.59,3.47
2024-02-09 20:00:00,0.00,0.54,281.55,3.27,3.93
2024-02-09 22:00:00,0.00,0.85,280.58,2.15,4.09
2024-02-10 06:00:00,0.00,0.45,279.08,-0.27,4.88
2024-02-10 08:00:00,80349.08,0.34,278.53,0.12,4.11
2024-02-10 10:00:00,1023287.03,0.41,280.40,0.38,4.89
2024-02-10 12:00:00,1483706.48,0.53,281.37,0.39,5.67
2024-02-10 14:00:00,1422141.59,0.56,281.06,-0.18,6.14
2024-02-10 16:00:00,1018646.63,0.45,280.46,-1.21,5.71
2024-02-10 18:00:00,82023.80,0.15,278.88,-0.99,4.59
2024-02-10 20:00:00,0.00,0.07,277.74,-0.61,4.03
2024-02-10 22:00:00,0.00,0.20,276.92,-0.04,3.67
2024-02-11 06:00:00,0.00,1.00,275.37,0.90,2.05
2024-02-11 08:00:00,37311.53,1.00,275.90,1.35,2.29
2024-02-11 10:00:00,392240.02,1.00,277.45,0.97,2.38
2024-02-11 12:00:00,746916.48,0.98,279.24,1.47,3.26
2024-02-11 14:00:00,532951.54,0.97,279.66,2.60,2.21
2024-02-11 16:00:00,347256.35,0.99,279.51,2.89,1.49
2024-02-11 18:00:00,17915.42,0.98,278.41,2.44,1.11
2024-02-11 20:00:00,0.00,0.99,278.14,2.47,0.93
2024-02-11 22:00:00,0.00,0.91,278.38,2.08,0.98
2024-02-12 06:00:00,0.00,0.69,279.59,0.93,2.57
2024-02-12 08:00:00,54498.18,0.84,280.37,1.20,3.26
2024-02-12 10:00:00,722318.73,0.64,283.07,0.94,4.28
2024-02-12 12:00:00,1461648.28,0.65,285.83,-0.38,5.58
2024-02-12 14:00:00,1459255.28,0.51,287.47,-0.30,5.14
2024-02-12 16:00:00,1158759.03,0.33,287.90,0.10,3.94
2024-02-12 18:00:00,100241.35,0.09,284.68,0.80,2.50
2024-02-12 20:00:00,0.00,0.86,283.13,0.82,2.19
2024-02-12 22:00:00,0.00,1.00,282.01,0.62,2.22
2024-02-13 06:00:00,0.00,0.65,281.23,0.49,1.35
2024-02-13 08:00:00,80406.51,0.90,281.57,0.73,0.76
2024-02-13 10:00:00,608672.11,0.92,284.91,0.78,0.45
2024-02-13 12:00:00,1009472.52,0.87,286.87,1.56,1.25
2024-02-13 14:00:00,697168.78,0.96,288.03,1.49,2.25
2024-02-13 16:00:00,553522.18,0.83,288.47,1.14,1.81
2024-02-13 18:00:00,74764.07,0.55,286.51,1.30,0.77
2024-02-13 20:00:00,0.00,0.90,284.94,1.49,0.96
2024-02-13 22:00:00,0.00,0.71,283.93,0.09,-0.55
2024-02-14 06:00:00,0.00,1.00,281.72,-0.68,-1.16
2024-02-14 08:00:00,44980.11,1.00,282.10,-0.58,-1.73
2024-02-14 10:00:00,500352.73,1.00,284.37,-0.51,-1.68
2024-02-14 12:00:00,1198134.18,1.00,287.08,0.49,-1.80
2024-02-14 14:00:00,1484891.96,0.96,289.34,1.09,-1.90
2024-02-14 16:00:00,908660.07,1.00,289.69,1.16,-1.40
2024-02-14 18:00:00,84036.96,1.00,287.59,-0.02,-0.84
2024-02-14 20:00:00,0.00,0.97,286.02,0.20,-1.14
2024-02-14 22:00:00,0.00,0.51,284.81,0.13,-1.51
2024-02-15 06:00:00,0.00,0.95,282.03,-0.02,-1.94
2024-02-15 08:00:00,90631.62,0.98,282.81,0.09,-1.90
2024-02-15 10:00:00,898430.19,0.97,285.26,0.69,-0.56
2024-02-15 12:00:00,1762003.00,0.99,286.79,2.70,0.30
2024-02-15 14:00:00,1072842.54,1.00,286.46,2.92,-0.47
2024-02-15 16:00:00,439741.10,0.95,285.50,2.63,-0.63
2024-02-15 18:00:00,50203.72,1.00,284.76,1.81,0.59
2024-02-15 20:00:00,0.00,0.99,284.01,0.92,2.41
2024-02-15 22:00:00,0.00,0.73,283.24,0.51,2.34
2024-02-16 06:00:00,0.00,0.75,280.34,-1.12,2.07
2024-02-16 08:00:00,87316.19,0.79,280.54,-0.79,2.21
2024-02-16 10:00:00,800811.28,0.41,283.42,-1.44,1.53
2024-02-16 12:00:00,1492512.68,0.46,285.56,-2.82,1.41
2024-02-16 14:00:00,1206653.37,0.47,286.87,-2.95,1.85
2024-02-16 16:00:00,1011936.09,0.51,286.88,-2.82,1.36
2024-02-16 18:00:00,107160.82,0.23,283.89,-1.83,1.10
2024-02-16 20:00:00,0.00,0.11,281.77,-1.76,0.87
2024-02-16 22:00:00,0.00,0.04,279.90,-1.82,0.58
2024-02-17 06:00:00,0.00,0.01,275.93,-1.54,-0.04
2024-02-17 08:00:00,154216.77,0.01,276.91,-1.49,-0.45
2024-02-17 10:00:00,1404030.12,0.00,282.79,-1.44,-0.55
2024-02-17 12:00:00,2248918.20,0.00,286.22,-2.29,-0.20
2024-02-17 14:00:00,2238547.80,0.00,288.18,-2.63,0.30
2024-02-17 16:00:00,1377133.36,0.00,288.90,-2.08,-0.82
2024-02-17 18:00:00,142467.27,0.02,286.20,-1.24,-0.15
2024-02-17 20:00:00,0.00,0.12,281.88,-0.96,0.19
2024-02-17 22:00:00,0.00,0.03,279.43,-1.49,0.00
2024-02-18 06:00:00,0.00,0.59,275.60,-0.99,-0.55
2024-02-18 08:00:00,161765.86,0.74,276.46,-1.06,-0.71
2024-02-18 10:00:00,1343876.44,0.87,282.64,-0.65,-0.09
2024-02-18 12:00:00,2225853.52,0.81,287.22,-0.71,0.19
2024-02-18 14:00:00,2017012.28,0.73,289.53,-0.70,0.53
2024-02-18 16:00:00,1169759.72,0.93,290.10,-0.73,0.40
2024-02-18 18:00:00,129300.60,0.88,286.68,-0.00,1.02
2024-02-18 20:00:00,0.00,0.19,283.55,-0.79,1.20
2024-02-18 22:00:00,0.00,0.06,281.00,-1.02,0.53
2024-02-19 06:00:00,0.00,0.43,278.35,-1.56,-0.39
2024-02-19 08:00:00,137607.11,0.37,279.53,-1.57,-0.68
2024-02-19 10:00:00,1208638.16,0.14,285.47,-1.79,-0.76
2024-02-19 12:00:00,1983098.24,0.19,289.02,-2.65,-0.73
2024-02-19 14:00:00,1951334.12,0.30,290.63,-2.82,-1.06
2024-02-19 16:00:00,1368420.00,0.01,290.94,-2.39,-1.11
2024-02-19 18:00:00,157640.30,0.00,286.96,-2.00,-0.60
2024-02-19 20:00:00,0.00,0.00,284.11,-2.14,-0.58
2024-02-19 22:00:00,0.00,0.00,281.66,-1.99,-1.02
2024-02-20 06:00:00,0.00,0.00,275.95,-1.14,-0.65
2024-02-20 08:00:00,192103.80,0.00,276.82,-1.15,-0.42
2024-02-20 10:00:00,1492401.84,0.00,283.56,-0.91,-0.13
2024-02-20 12:00:00,2348300.52,0.00,288.30,-0.98,0.42
2024-02-20 14:00:00,2331337.28,0.31,291.45,-0.20,1.00
2024-02-20 16:00:00,1456112.40,0.23,291.83,-0.97,1.42
2024-02-20 18:00:00,170743.93,0.94,287.67,-0.01,1.27
2024-02-20 20:00:00,0.00,0.79,283.68,-0.12,1.24
2024-02-20 22:00:00,0.00,0.08,280.36,-0.43,0.27
2024-02-21 06:00:00,0.00,0.87,276.59,0.17,-0.29
2024-02-21 08:00:00,145406.22,0.89,277.56,0.10,-0.00
2024-02-21 10:00:00,1231639.65,0.93,283.40,0.55,0.49
2024-02-21 12:00:00,2008018.80,0.89,287.62,0.70,1.37
2024-02-21 14:00:00,1561574.64,1.00,288.70,0.83,2.15
2024-02-21 16:00:00,862360.85,1.00,288.30,1.23,1.72
2024-02-21 18:00:00,67598.67,1.00,286.47,1.14,1.67
2024-02-21 20:00:00,0.00,1.00,284.98,0.76,1.92
2024-02-21 22:00:00,0.00,1.00,283.77,0.48,2.26
2024-02-22 06:00:00,0.00,0.78,280.92,1.53,1.54
2024-02-22 08:00:00,194993.95,0.93,280.96,2.16,1.73
2024-02-22 10:00:00,1221385.68,0.99,283.95,3.05,3.19
2024-02-22 12:00:00,1576503.08,0.99,284.98,3.48,4.89
2024-02-22 14:00:00,1622206.28,0.95,285.76,3.40,5.73
2024-02-22 16:00:00,440449.64,0.99,285.39,3.99,5.62
2024-02-22 18:00:00,19266.60,0.98,284.41,3.41,4.27
2024-02-22 20:00:00,0.00,0.97,283.42,0.99,4.95
2024-02-22 22:00:00,0.00,0.53,281.46,-2.10,6.49
2024-02-23 06:00:00,0.00,0.38,276.08,0.86,3.85
2024-02-23 08:00:00,195360.96,0.18,276.65,1.31,3.53
2024-02-23 10:00:00,1435909.88,0.40,279.55,0.86,4.59
2024-02-23 12:00:00,1980724.40,0.57,281.17,1.65,5.77
2024-02-23 14:00:00,1919006.04,0.42,281.66,1.70,6.17
2024-02-23 16:00:00,1252902.60,0.50,281.33,1.48,6.41
2024-02-23 18:00:00,166966.34,0.65,279.59,1.52,4.89
2024-02-23 20:00:00,0.00,0.45,278.45,1.13,4.57
2024-02-23 22:00:00,0.00,0.35,277.97,0.91,4.42
2024-02-24 06:00:00,0.00,0.62,275.92,0.54,4.18
2024-02-24 08:00:00,175736.79,0.38,276.55,-0.65,4.42
2024-02-24 10:00:00,1400321.80,0.40,279.35,-1.33,4.50
2024-02-24 12:00:00,2211431.92,0.54,281.10,-2.03,4.94
2024-02-24 14:00:00,2236717.12,0.42,282.06,-2.16,5.02
2024-02-24 16:00:00,1302122.04,0.72,282.12,-1.26,4.84
2024-02-24 18:00:00,189054.46,0.99,280.48,0.49,3.52
2024-02-24 20:00:00,0.00,0.56,278.98,1.07,3.07
2024-02-24 22:00:00,0.00,0.65,278.62,1.11,4.00
2024-02-25 06:00:00,0.00,1.00,280.03,3.27,3.83
2024-02-25 08:00:00,20237.79,1.00,280.77,3.47,4.06
2024-02-25 10:00:00,182164.24,1.00,282.62,2.95,3.79
2024-02-25 12:00:00,655418.06,1.00,284.35,3.59,5.98
2024-02-25 14:00:00,817498.89,0.98,285.43,3.53,6.76
2024-02-25 16:00:00,390245.16,0.98,285.17,3.80,5.89
2024-02-25 18:00:00,95279.24,0.96,284.39,3.65,6.15
2024-02-25 20:00:00,0.00,0.99,283.72,3.34,5.98
2024-02-25 22:00:00,0.00,0.97,283.31,2.96,6.53
2024-02-26 06:00:00,0.00,0.76,279.60,0.13,4.25
2024-02-26 08:00:00,192419.71,0.55,279.17,-1.05,4.21
2024-02-26 10:00:00,1372456.00,0.39,280.65,-1.74,4.20
2024-02-26 12:00:00,2049605.28,0.43,281.92,-2.60,4.61
2024-02-26 14:00:00,2048654.04,0.54,282.05,-3.13,5.04
2024-02-26 16:00:00,891177.54,0.97,280.50,-3.71,4.93
2024-02-26 18:00:00,121805.72,0.76,279.74,-3.89,3.67
2024-02-26 20:00:00,0.00,0.66,279.01,-4.17,3.19
2024-02-26 22:00:00,0.00,0.63,278.15,-2.35,2.93
2024-02-27 06:00:00,0.00,0.43,275.99,-4.79,2.46
2024-02-27 08:00:00,222567.93,0.39,276.73,-4.46,2.33
2024-02-27 10:00:00,1343916.72,0.51,279.94,-6.43,2.50
2024-02-27 12:00:00,1922005.96,0.80,281.62,-8.70,1.67
2024-02-27 14:00:00,1412692.82,0.74,282.60,-8.09,1.41
2024-02-27 16:00:00,937419.70,0.65,282.20,-6.76,1.13
2024-02-27 18:00:00,164781.11,0.50,280.39,-4.89,1.17
2024-02-27 20:00:00,0.00,0.36,278.67,-4.44,1.00
2024-02-27 22:00:00,0.00,0.10,276.99,-4.08,1.07
2024-02-28 06:00:00,0.00,0.66,275.44,-3.50,1.28
2024-02-28 08:00:00,175934.92,0.73,276.71,-3.48,1.73
2024-02-28 10:00:00,868565.07,0.51,280.95,-3.97,2.63
2024-02-28 12:00:00,1909982.56,0.41,283.69,-6.05,0.56
2024-02-28 14:00:00,1979981.68,0.49,285.19,-6.49,-0.18
2024-02-28 16:00:00,1243063.78,0.18,285.08,-5.77,0.01
2024-02-28 18:00:00,227305.17,0.07,283.07,-3.34,0.65
2024-02-28 20:00:00,0.00,0.08,280.76,-2.77,0.44
2024-02-28 22:00:00,0.00,0.11,278.81,-1.76,0.84
2024-02-29 06:00:00,0.00,0.22,273.89,-0.40,0.95
2024-02-29 08:00:00,281371.33,0.24,275.76,-0.20,0.54
2024-02-29 10:00:00,1600211.68,0.02,281.98,-0.11,1.88
2024-02-29 12:00:00,2319404.28,0.31,284.92,-0.38,3.63
2024-02-29 14:00:00,2004826.40,0.35,286.16,-0.97,4.89
2024-02-29 16:00:00,971731.38,0.53,285.65,-2.14,5.81
2024-02-29 18:00:00,193562.17,0.15,282.64,-2.81,4.36
2024-02-29 20:00:00,0.00,0.26,280.37,-3.36,3.83
2024-02-29 22:00:00,0.00,0.11,278.21,-3.65,2.96
2024-03-01 06:00:00,0.00,0.18,273.46,-0.51,2.11
2024-03-01 08:00:00,288216.93,0.24,275.27,-0.65,2.14
2024-03-01 10:00:00,1554191.64,0.13,279.56,-0.64,3.24
2024-03-01 12:00:00,2294967.08,0.59,282.79,-1.11,4.47
2024-03-01 14:00:00,2034065.88,0.71,284.47,0.13,4.83
2024-03-01 16:00:00,1248865.47,0.59,284.35,1.06,4.51
2024-03-01 18:00:00,195797.12,0.58,282.42,1.63,3.20
2024-03-01 20:00:00,0.00,0.71,280.92,1.97,3.30
2024-03-01 22:00:00,0.00,0.46,279.95,1.90,2.83
2024-03-02 06:00:00,0.00,0.99,279.00,3.47,3.41
2024-03-02 08:00:00,139427.02,1.00,279.40,4.68,3.79
2024-03-02 10:00:00,693695.10,1.00,280.20,5.46,4.72
2024-03-02 12:00:00,941005.09,1.00,280.64,6.30,4.32
2024-03-02 14:00:00,612557.23,0.99,280.85,6.59,5.81
2024-03-02 16:00:00,173683.47,1.00,279.23,4.35,5.82
2024-03-02 18:00:00,27785.17,0.97,277.04,0.23,5.31
2024-03-02 20:00:00,0.00,0.55,275.62,-0.09,4.64
2024-03-02 22:00:00,0.00,0.41,275.04,0.03,2.67
2024-03-03 06:00:00,0.00,0.25,273.87,0.24,2.75
2024-03-03 08:00:00,320391.21,0.39,274.93,0.51,3.33
2024-03-03 10:00:00,1339415.08,0.47,277.88,-0.71,4.25
2024-03-03 12:00:00,2209866.24,0.45,279.97,-0.96,5.09
2024-03-03 14:00:00,2149227.00,0.40,281.00,-1.06,5.18
2024-03-03 16:00:00,1300662.64,0.49,280.98,-0.93,4.81
2024-03-03 18:00:00,239446.66,0.43,279.97,0.03,3.17
2024-03-03 20:00:00,0.00,0.57,278.82,0.43,2.94
2024-03-03 22:00:00,0.00,0.55,278.21,0.42,3.32
2024-03-04 06:00:00,0.00,0.99,278.66,1.51,2.40
2024-03-04 08:00:00,83421.04,1.00,279.69,1.87,2.73
2024-03-04 10:00:00,398012.52,0.99,281.71,2.26,4.74
2024-03-04 12:00:00,1036931.48,0.85,283.18,2.02,6.04
2024-03-04 14:00:00,1527274.92,0.59,284.37,2.01,6.03
2024-03-04 16:00:00,1102501.00,0.41,284.78,1.48,5.49
2024-03-04 18:00:00,252183.35,0.20,283.35,1.19,3.52
2024-03-04 20:00:00,0.00,0.26,281.19,0.34,3.20
2024-03-04 22:00:00,0.00,0.06,279.49,0.15,3.13
2024-03-05 06:00:00,0.00,0.32,275.54,-0.93,1.73
2024-03-05 08:00:00,329191.43,0.33,277.26,-0.79,1.23
2024-03-05 10:00:00,1517035.04,0.39,281.11,-0.08,0.57
2024-03-05 12:00:00,2058424.52,0.77,283.26,0.36,1.96
2024-03-05 14:00:00,1805914.56,0.87,284.65,-0.16,1.66
2024-03-05 16:00:00,1335818.48,0.80,285.31,0.32,1.15
2024-03-05 18:00:00,310976.73,0.05,283.31,0.58,0.60
2024-03-05 20:00:00,0.00,0.03,280.09,0.34,0.56
2024-03-05 22:00:00,0.00,0.00,277.08,-0.12,0.61
2024-03-06 06:00:00,0.00,0.01,273.25,-0.33,-0.80
2024-03-06 08:00:00,393921.69,0.45,275.68,-0.28,-1.04
2024-03-06 10:00:00,1690139.00,0.95,281.15,0.64,-0.77
2024-03-06 12:00:00,2528836.08,0.81,284.62,1.85,-0.17
2024-03-06 14:00:00,2562715.56,0.14,286.50,2.11,-0.39
2024-03-06 16:00:00,1594306.64,0.86,286.85,2.27,-0.55
2024-03-06 18:00:00,245622.99,0.99,284.21,1.15,-0.83
2024-03-06 20:00:00,0.00,0.99,281.59,0.34,-1.23
2024-03-06 22:00:00,0.00,0.98,279.99,0.31,-1.39
2024-03-07 06:00:00,0.00,0.35,276.63,1.36,-1.78
2024-03-07 08:00:00,338865.94,0.75,279.11,1.99,-2.14
2024-03-07 10:00:00,1412138.72,0.80,282.78,4.93,-1.40
2024-03-07 12:00:00,2057085.20,0.93,284.33,7.27,0.64
2024-03-07 14:00:00,1183392.04,1.00,284.00,5.78,1.17
2024-03-07 16:00:00,294543.45,1.00,281.26,4.47,1.51
2024-03-07 18:00:00,49170.12,0.78,279.53,4.26,0.30
2024-03-07 20:00:00,0.00,0.78,278.59,3.93,1.53
2024-03-07 22:00:00,0.00,0.70,277.59,2.80,1.75
2024-03-08 06:00:00,0.00,1.00,277.03,4.73,1.16
2024-03-08 08:00:00,73392.03,1.00,277.23,5.24,2.22
2024-03-08 10:00:00,540512.61,1.00,278.65,4.77,4.35
2024-03-08 12:00:00,1517889.80,0.79,280.76,4.70,5.71
2024-03-08 14:00:00,2033606.04,0.50,281.97,4.31,6.32
2024-03-08 16:00:00,1250324.36,1.00,281.78,5.05,4.35
2024-03-08 18:00:00,214912.53,1.00,280.13,4.89,2.19
2024-03-08 20:00:00,0.00,1.00,279.72,5.45,0.52
2024-03-08 22:00:00,0.00,1.00,279.38,6.11,0.30
2024-03-09 06:00:00,0.00,1.00,277.34,2.99,3.05
2024-03-09 08:00:00,164392.85,0.94,277.03,3.41,2.36
2024-03-09 10:00:00,1064125.69,1.00,278.31,3.24,1.37
2024-03-09 12:00:00,1477169.92,0.94,279.03,4.62,1.78
2024-03-09 14:00:00,1426704.46,0.83,279.06,4.50,3.06
2024-03-09 16:00:00,1274971.68,0.74,278.93,3.62,3.99
2024-03-09 18:00:00,244227.40,0.73,277.49,2.83,3.57
2024-03-09 20:00:00,0.00,0.76,276.72,3.04,2.51
2024-03-09 22:00:00,0.00,0.75,276.60,3.41,1.92
2024-03-10 06:00:00,0.00,1.00,278.04,3.01,3.80
2024-03-10 08:00:00,173300.31,0.91,278.49,2.52,4.33
2024-03-10 10:00:00,923915.46,0.58,280.52,1.52,4.51
2024-03-10 12:00:00,2064960.20,0.49,282.37,0.93,6.50
2024-03-10 14:00:00,1944699.72,0.52,283.31,0.18,7.03
2024-03-10 16:00:00,1230852.01,0.49,283.53,-0.23,6.76
2024-03-10 18:00:00,307528.01,0.38,282.20,-0.10,4.95
2024-03-10 20:00:00,0.00,0.46,280.71,-0.05,4.12
2024-03-10 22:00:00,0.00,0.43,279.89,0.42,3.84
2024-03-11 06:00:00,0.00,0.47,277.51,-0.37,2.84
2024-03-11 08:00:00,373698.00,0.38,278.90,-0.25,2.71
2024-03-11 10:00:00,1633975.12,0.55,282.11,-1.50,2.92
2024-03-11 12:00:00,1836242.12,0.84,284.12,-1.72,3.29
2024-03-11 14:00:00,1700027.64,0.95,285.58,-2.17,3.52
2024-03-11 16:00:00,926409.71,0.98,285.50,-1.67,3.40
2024-03-11 18:00:00,213470.86,0.76,283.67,-0.90,2.03
2024-03-11 20:00:00,0.00,0.53,281.48,-0.97,1.81
2024-03-11 22:00:00,0.00,0.44,279.06,-0.05,0.91
2024-03-12 06:00:00,0.00,0.09,274.92,-0.99,-0.60
2024-03-12 08:00:00,491250.77,0.10,277.54,-0.69,-1.11
2024-03-12 10:00:00,1878437.00,0.00,283.15,-0.45,-0.83
2024-03-12 12:00:00,2709314.54,0.00,286.21,-0.03,-0.53
2024-03-12 14:00:00,2664451.24,0.00,288.48,0.25,-0.28
2024-03-12 16:00:00,1764913.96,0.00,289.12,0.42,0.02
2024-03-12 18:00:00,392138.43,0.00,287.34,0.43,0.14
2024-03-12 20:00:00,0.00,0.03,283.72,0.01,-0.32
2024-03-12 22:00:00,0.00,0.16,280.68,-0.54,-0.72
2024-03-13 06:00:00,0.00,0.87,277.43,-0.40,-1.23
2024-03-13 08:00:00,440207.61,0.86,279.41,-0.26,-1.64
2024-03-13 10:00:00,1741300.40,0.88,285.00,0.68,-1.69
2024-03-13 12:00:00,2448391.20,0.91,288.31,1.16,-1.43
2024-03-13 14:00:00,2541394.92,0.74,290.64,1.67,-0.78
2024-03-13 16:00:00,1758196.52,0.14,291.51,1.95,0.13
2024-03-13 18:00:00,404362.96,0.05,289.72,1.07,0.69
2024-03-13 20:00:00,0.00,0.02,286.07,0.10,0.52
2024-03-13 22:00:00,0.00,0.02,283.63,0.23,-0.28
2024-03-14 06:00:00,0.00,0.05,278.89,1.18,0.52
2024-03-14 08:00:00,491184.45,0.25,281.10,1.50,0.96
2024-03-14 10:00:00,1595003.92,0.33,286.22,1.16,1.82
2024-03-14 12:00:00,1921102.36,0.79,288.45,2.95,2.69
2024-03-14 14:00:00,1618918.76,0.71,288.72,3.26,3.38
2024-03-14 16:00:00,1123254.14,0.60,288.19,2.30,3.70
2024-03-14 18:00:00,298335.03,0.48,286.53,1.34,2.21
2024-03-14 20:00:00,0.00,0.53,284.44,0.98,1.99
2024-03-14 22:00:00,0.00,0.41,282.29,0.47,1.77
2024-03-15 06:00:00,0.00,0.42,278.74,0.38,0.59
2024-03-15 08:00:00,411295.48,0.49,280.92,0.25,0.19
2024-03-15 10:00:00,1750375.84,0.87,285.63,0.41,0.62
2024-03-15 12:00:00,2266315.76,0.86,288.27,0.72,1.84
2024-03-15 14:00:00,1877141.68,0.95,289.82,0.77,2.94
2024-03-15 16:00:00,992875.79,0.96,290.03,0.58,2.48
2024-03-15 18:00:00,269362.17,0.57,288.76,0.55,1.52
2024-03-15 20:00:00,0.00,0.28,286.33,0.32,1.78
2024-03-15 22:00:00,0.00,0.31,284.23,-0.18,1.29
2024-03-16 06:00:00,0.00,0.89,279.89,-0.07,-0.15
2024-03-16 08:00:00,400360.79,0.98,281.56,-0.22,-0.62
2024-03-16 10:00:00,1387073.28,0.86,285.29,0.40,-0.52
2024-03-16 12:00:00,2445544.40,0.75,288.90,1.74,0.13
2024-03-16 14:00:00,2019330.60,0.92,291.08,2.08,1.30
2024-03-16 16:00:00,1682352.00,0.92,291.43,2.06,1.21
2024-03-16 18:00:00,332801.17,0.96,289.53,0.97,0.39
2024-03-16 20:00:00,0.00,0.80,287.30,0.82,-0.03
2024-03-16 22:00:00,0.00,0.99,285.88,0.36,-0.13
2024-03-17 06:00:00,0.00,0.64,280.87,-0.07,-0.74
2024-03-17 08:00:00,538191.41,0.93,283.31,-0.04,-0.81
2024-03-17 10:00:00,1720447.16,1.00,288.58,0.55,-0.47
2024-03-17 12:00:00,2625035.80,0.99,291.97,1.21,-0.01
2024-03-17 14:00:00,2017328.00,1.00,293.44,1.56,0.32
2024-03-17 16:00:00,1311876.96,1.00,293.53,1.43,0.63
2024-03-17 18:00:00,355955.84,0.99,291.50,0.51,0.42
2024-03-17 20:00:00,0.00,0.99,288.67,0.21,-0.09
2024-03-17 22:00:00,0.00,0.98,286.64,-0.11,-0.22
2024-03-18 06:00:00,0.00,0.81,281.05,-0.59,-0.56
2024-03-18 08:00:00,504533.61,0.98,283.64,-0.57,-0.81
2024-03-18 10:00:00,1664661.80,0.99,288.91,0.02,-0.50
2024-03-18 12:00:00,2121418.28,1.00,291.87,0.94,0.28
2024-03-18 14:00:00,1883412.96,0.99,293.16,1.55,0.98
2024-03-18 16:00:00,1191191.56,0.92,293.47,1.81,0.94
2024-03-18 18:00:00,284944.26,0.76,291.34,1.48,-0.15
2024-03-18 20:00:00,0.00,1.00,288.61,1.57,-0.40
2024-03-18 22:00:00,0.00,0.85,287.03,0.19,-0.77
2024-03-19 06:00:00,0.00,0.10,282.27,-0.20,-0.68
2024-03-19 08:00:00,619934.84,0.02,284.37,-0.08,-0.95
2024-03-19 10:00:00,1981120.24,0.09,290.28,0.78,-0.61
2024-03-19 12:00:00,2800121.52,0.06,293.97,2.06,0.46
2024-03-19 14:00:00,2743955.32,0.51,295.92,2.50,1.19
2024-03-19 16:00:00,1776798.68,0.96,295.76,2.58,1.42
2024-03-19 18:00:00,370805.36,0.99,292.83,1.21,0.55
2024-03-19 20:00:00,0.00,0.98,290.53,0.74,-0.49
2024-03-19 22:00:00,0.00,0.92,288.33,0.63,-0.75
2024-03-20 06:00:00,0.00,0.24,282.63,-0.13,-1.45
2024-03-20 08:00:00,629347.20,0.23,285.22,0.25,-1.31
2024-03-20 10:00:00,1921638.60,0.61,290.63,1.00,-0.85
2024-03-20 12:00:00,2538036.32,0.48,293.62,2.04,-0.59
2024-03-20 14:00:00,2243835.64,0.73,294.14,3.87,-0.24
2024-03-20 16:00:00,797411.39,0.94,293.00,3.91,-0.32
2024-03-20 18:00:00,282495.01,0.95,290.79,2.25,-0.86
2024-03-20 20:00:00,0.00,0.97,288.90,1.60,-0.86
2024-03-20 22:00:00,0.00,0.86,287.04,-0.96,-1.84
2024-03-21 06:00:00,0.00,0.97,285.39,-0.60,-2.53
2024-03-21 08:00:00,333668.19,0.94,286.58,-1.18,-2.14
2024-03-21 10:00:00,1469373.68,0.92,290.62,-1.24,-2.76
2024-03-21 12:00:00,2762702.88,0.70,293.98,0.36,-4.95
2024-03-21 14:00:00,2750883.24,0.73,295.22,1.83,-5.04
2024-03-21 16:00:00,1854786.76,0.86,294.95,1.58,-4.19
2024-03-21 18:00:00,481601.55,0.99,292.35,0.58,-3.03
2024-03-21 20:00:00,0.00,1.00,289.70,0.16,-2.94
2024-03-21 22:00:00,0.00,0.90,287.84,-0.11,-2.00
2024-03-22 06:00:00,0.00,0.23,283.64,-1.48,-1.77
2024-03-22 08:00:00,632672.07,0.13,286.26,-1.37,-2.05
2024-03-22 10:00:00,2066326.28,0.19,292.02,-0.65,-2.24
2024-03-22 12:00:00,2869821.60,0.13,295.74,0.72,-2.44
2024-03-22 14:00:00,2776308.88,0.35,297.62,1.11,-2.09
2024-03-22 16:00:00,1846840.56,0.74,297.60,0.67,-1.86
2024-03-22 18:00:00,407525.14,0.88,294.37,0.25,-1.74
2024-03-22 20:00:00,0.00,0.87,290.88,-0.64,-1.65
2024-03-22 22:00:00,0.00,0.58,288.26,-0.68,-1.24
2024-03-23 06:00:00,0.00,0.70,284.23,-1.53,-2.03
2024-03-23 08:00:00,609386.74,0.94,286.47,-2.49,-2.86
2024-03-23 10:00:00,1679425.48,0.97,290.26,-2.03,-2.95
2024-03-23 12:00:00,2463056.00,0.91,293.51,-1.25,-3.14
2024-03-23 14:00:00,2259364.20,0.76,295.45,-0.52,-2.98
2024-03-23 16:00:00,1312700.40,0.53,295.61,0.12,-2.65
2024-03-23 18:00:00,388008.29,0.34,292.99,-0.80,-1.45
2024-03-23 20:00:00,0.00,0.23,289.99,-1.19,-1.23
2024-03-23 22:00:00,0.00,0.34,287.29,-1.02,-1.35
2024-03-24 06:00:00,0.00,0.14,282.31,-1.85,-1.91
2024-03-24 08:00:00,717455.19,0.19,284.59,-1.77,-2.11
2024-03-24 10:00:00,2122961.16,0.24,289.35,-1.08,-2.95
2024-03-24 12:00:00,2930453.12,0.24,292.26,0.30,-3.47
2024-03-24 14:00:00,2852397.68,0.39,293.82,0.45,-3.43
2024-03-24 16:00:00,1908425.72,0.69,293.57,0.71,-3.20
2024-03-24 18:00:00,461977.87,0.58,290.89,-0.01,-2.13
2024-03-24 20:00:00,0.00,0.77,288.54,0.57,-2.92
2024-03-24 22:00:00,0.00,0.95,286.75,0.90,-2.84
2024-03-25 06:00:00,0.00,1.00,282.90,1.41,-1.27
2024-03-25 08:00:00,183284.57,1.00,282.79,1.56,-0.61
2024-03-25 10:00:00,431878.92,1.00,284.18,1.81,-0.39
2024-03-25 12:00:00,735029.31,0.97,285.22,2.37,1.66
2024-03-25 14:00:00,966127.14,0.90,286.19,2.81,2.91
2024-03-25 16:00:00,1002228.46,0.97,286.32,2.53,3.31
2024-03-25 18:00:00,251540.35,0.76,285.55,1.88,3.04
2024-03-25 20:00:00,0.00,0.90,284.07,0.82,2.90
2024-03-25 22:00:00,0.00,0.98,282.06,0.84,3.62
2024-03-26 06:00:00,0.00,0.94,276.86,0.73,2.98
2024-03-26 08:00:00,453478.68,0.98,277.26,0.54,3.36
2024-03-26 10:00:00,1245567.27,0.74,278.68,0.18,3.92
2024-03-26 12:00:00,2044737.80,0.60,279.85,0.41,4.89
2024-03-26 14:00:00,1947491.08,0.47,280.89,1.10,5.45
2024-03-26 16:00:00,1675056.24,0.89,281.26,2.14,5.91
2024-03-26 18:00:00,384623.17,0.99,279.48,2.87,4.27
2024-03-26 20:00:00,0.00,0.96,277.20,3.32,3.70
2024-03-26 22:00:00,0.00,0.75,276.88,0.95,4.59
2024-03-27 06:00:00,0.00,0.99,278.31,2.84,3.48
2024-03-27 08:00:00,217833.11,1.00,279.57,3.78,3.90
2024-03-27 10:00:00,628176.06,0.78,282.00,4.02,4.47
2024-03-27 12:00:00,1802033.37,0.68,284.79,4.47,6.33
2024-03-27 14:00:00,1401326.31,0.86,285.01,5.41,6.16
2024-03-27 16:00:00,995384.71,0.83,284.66,5.94,6.14
2024-03-27 18:00:00,306940.39,0.87,284.09,6.06,6.67
2024-03-27 20:00:00,0.00,0.88,283.41,4.76,5.61
2024-03-27 22:00:00,0.00,0.43,282.68,3.81,6.59
2024-03-28 06:00:00,0.00,0.40,279.80,2.75,3.84
2024-03-28 08:00:00,632356.49,0.47,280.88,3.96,3.85
2024-03-28 10:00:00,1459978.36,0.64,283.62,4.71,2.79
2024-03-28 12:00:00,1653164.60,0.72,285.38,6.63,3.83
2024-03-28 14:00:00,1535690.52,0.79,286.47,6.69,2.75
2024-03-28 16:00:00,1409343.95,0.89,286.71,6.45,2.23
2024-03-28 18:00:00,249044.79,0.81,285.50,6.95,3.63
2024-03-28 20:00:00,0.00,1.00,284.46,6.48,2.97
2024-03-28 22:00:00,0.00,1.00,283.85,5.98,1.85
2024-03-29 06:00:00,0.00,1.00,281.06,0.93,2.04
2024-03-29 08:00:00,155129.10,1.00,280.47,-0.36,0.89
2024-03-29 10:00:00,282111.09,0.99,279.26,1.36,0.47
2024-03-29 12:00:00,482229.91,1.00,279.06,1.36,1.75
2024-03-29 14:00:00,649298.23,1.00,279.25,2.46,3.39
2024-03-29 16:00:00,763681.88,0.74,280.29,1.98,3.77
2024-03-29 18:00:00,419199.50,0.39,279.85,1.92,3.30
2024-03-29 20:00:00,0.00,0.38,278.18,1.89,1.68
2024-03-29 22:00:00,0.00,0.76,276.74,1.58,-0.45
2024-03-30 06:00:00,0.00,1.00,278.00,3.14,-0.79
2024-03-30 08:00:00,256758.92,0.97,279.03,3.41,-0.26
2024-03-30 10:00:00,1193678.01,0.81,280.61,3.93,0.88
2024-03-30 12:00:00,2033203.00,0.88,282.43,4.62,0.95
2024-03-30 14:00:00,1940840.68,1.00,282.79,4.82,0.24
2024-03-30 16:00:00,1029086.97,1.00,281.40,5.15,-0.24
2024-03-30 18:00:00,155139.07,1.00,279.92,3.76,-1.20
2024-03-30 20:00:00,0.00,0.98,279.66,3.77,0.14
2024-03-30 22:00:00,0.00,0.88,279.11,3.45,3.00
2024-03-31 06:00:00,0.00,1.00,277.60,3.57,-1.26
2024-03-31 08:00:00,163339.72,1.00,277.59,4.53,-0.72
2024-03-31 10:00:00,974299.83,0.97,279.82,4.35,2.28
2024-03-31 12:00:00,2130027.08,0.96,281.09,4.48,3.03
2024-03-31 14:00:00,1932491.00,0.63,281.57,4.10,4.02
2024-03-31 16:00:00,1570033.16,0.69,281.15,3.09,4.73
2024-03-31 18:00:00,446373.01,0.74,280.21,1.86,3.94
2024-03-31 20:00:00,0.00,0.65,278.65,2.25,2.72
2024-03-31 22:00:00,0.00,0.30,277.70,2.89,3.05
2024-04-01 06:00:00,0.00,0.90,277.23,2.70,2.30
2024-04-01 08:00:00,508767.50,0.74,278.93,3.01,4.15
2024-04-01 10:00:00,1688903.72,0.44,281.45,2.42,4.09
2024-04-01 12:00:00,2526944.84,0.55,283.39,3.30,5.11
2024-04-01 14:00:00,2553439.64,0.48,284.07,2.60,6.28
2024-04-01 16:00:00,1748334.84,0.57,284.06,1.78,6.07
2024-04-01 18:00:00,528461.78,0.64,282.39,1.15,3.84
2024-04-01 20:00:00,0.00,0.17,280.45,1.48,2.15
2024-04-01 22:00:00,0.00,0.29,278.73,1.59,2.73
2024-04-02 06:00:00,11.77,0.96,276.69,1.00,-1.14
2024-04-02 08:00:00,550853.03,1.00,279.24,2.00,-0.85
2024-04-02 10:00:00,1235378.24,0.99,282.81,3.63,0.61
2024-04-02 12:00:00,1598157.72,0.98,285.38,5.04,2.55
2024-04-02 14:00:00,1542682.47,0.99,285.98,4.75,3.24
2024-04-02 16:00:00,562340.30,0.99,285.48,3.30,1.43
2024-04-02 18:00:00,293321.11,0.68,284.85,2.59,2.17
2024-04-02 20:00:00,0.00,0.65,282.91,2.19,1.95
2024-04-02 22:00:00,0.00,0.81,282.29,1.86,1.29
2024-04-03 06:00:00,63.48,0.83,281.02,1.04,1.80
2024-04-03 08:00:00,552815.69,0.80,283.33,1.34,2.43
2024-04-03 10:00:00,1740798.12,0.73,286.59,1.62,2.41
2024-04-03 12:00:00,2285694.64,0.75,288.48,2.13,2.83
2024-04-03 14:00:00,2538038.92,0.82,290.22,2.43,3.16
2024-04-03 16:00:00,1807238.88,0.75,290.55,2.42,3.53
2024-04-03 18:00:00,624777.91,0.80,288.54,1.42,1.89
2024-04-03 20:00:00,0.00,0.85,285.34,0.78,2.02
2024-04-03 22:00:00,0.00,0.95,282.76,1.50,0.41
2024-04-04 06:00:00,320.49,0.96,278.60,0.02,-0.83
2024-04-04 08:00:00,854119.35,0.92,282.47,0.63,-0.77
2024-04-04 10:00:00,2284755.52,0.07,287.88,1.81,0.22
2024-04-04 12:00:00,3069363.40,0.48,290.59,2.63,0.33
2024-04-04 14:00:00,3013059.64,0.96,292.47,3.37,0.70
2024-04-04 16:00:00,1815452.16,0.99,292.61,3.09,1.37
2024-04-04 18:00:00,438162.74,1.00,290.82,1.60,0.20
2024-04-04 20:00:00,0.00,0.99,287.74,1.61,-0.28
2024-04-04 22:00:00,0.00,0.99,285.67,1.29,-0.14
2024-04-05 06:00:00,737.76,0.95,280.81,0.62,-1.43
2024-04-05 08:00:00,902514.08,0.90,284.52,0.87,-1.29
2024-04-05 10:00:00,2311547.24,0.93,289.66,2.09,-1.06
2024-04-05 12:00:00,3066488.44,0.99,292.91,3.49,-0.77
2024-04-05 14:00:00,2971253.20,0.97,294.96,3.90,-0.45
2024-04-05 16:00:00,2021976.60,0.93,295.56,3.99,-0.95
2024-04-05 18:00:00,624695.64,0.76,293.77,1.91,-1.44
2024-04-05 20:00:00,0.00,0.83,289.99,1.41,-2.18
2024-04-05 22:00:00,0.00,0.82,288.86,2.46,-2.27
2024-04-06 06:00:00,1348.56,0.91,286.00,1.15,-2.74
2024-04-06 08:00:00,961602.56,0.93,288.90,1.02,-2.52
2024-04-06 10:00:00,2012482.44,1.00,292.22,2.74,-2.10
2024-04-06 12:00:00,2554501.64,1.00,294.68,3.26,-0.24
2024-04-06 14:00:00,2603812.60,1.00,296.16,3.23,1.40
2024-04-06 16:00:00,1515635.88,1.00,295.19,1.80,2.13
2024-04-06 18:00:00,323176.66,1.00,292.34,0.22,2.07
2024-04-06 20:00:00,0.00,1.00,290.48,-0.03,1.42
2024-04-06 22:00:00,0.00,1.00,288.87,-0.31,-0.81
2024-04-07 06:00:00,1587.66,0.90,285.51,0.23,-1.37
2024-04-07 08:00:00,635515.45,0.95,287.24,1.03,0.68
2024-04-07 10:00:00,1479689.42,0.82,289.49,1.41,1.28
2024-04-07 12:00:00,2140670.20,0.20,291.73,2.21,1.45
2024-04-07 14:00:00,2618488.60,0.10,293.63,3.19,2.18
2024-04-07 16:00:00,1844571.84,0.25,294.05,2.99,2.09
2024-04-07 18:00:00,506687.07,0.86,291.95,1.68,1.40
2024-04-07 20:00:00,0.00,0.86,289.00,0.81,1.82
2024-04-07 22:00:00,0.00,0.95,287.19,0.73,1.16
2024-04-08 06:00:00,3227.05,0.20,282.22,2.13,1.81
2024-04-08 08:00:00,963253.66,0.26,285.02,2.81,2.56
2024-04-08 10:00:00,2299566.64,0.26,287.67,3.43,2.84
2024-04-08 12:00:00,2749384.56,0.61,288.99,4.17,4.09
2024-04-08 14:00:00,1663392.64,0.68,287.88,3.96,5.61
2024-04-08 16:00:00,1470211.84,0.27,286.55,1.87,6.20
2024-04-08 18:00:00,531007.16,0.30,284.52,-0.63,4.78
2024-04-08 20:00:00,0.00,0.30,282.72,-1.97,3.46
2024-04-08 22:00:00,0.00,0.25,280.73,-1.55,1.78
2024-04-09 06:00:00,4668.81,0.14,276.11,-2.28,1.33
2024-04-09 08:00:00,1058314.77,0.15,279.71,-3.10,0.77
2024-04-09 10:00:00,2421165.56,0.02,283.19,-1.91,0.69
2024-04-09 12:00:00,3207523.92,0.11,285.38,-2.97,1.40
2024-04-09 14:00:00,3113589.40,0.00,287.26,-2.81,0.65
2024-04-09 16:00:00,2175720.00,0.02,288.05,-2.82,0.89
2024-04-09 18:00:00,726981.64,0.01,286.84,-1.61,0.45
2024-04-09 20:00:00,0.00,0.02,283.59,-1.66,0.62
2024-04-09 22:00:00,0.00,0.04,281.14,-1.57,-0.33
2024-04-10 06:00:00,6187.37,0.08,276.64,-1.05,-0.71
2024-04-10 08:00:00,1052076.35,0.00,281.49,-0.97,-0.63
2024-04-10 10:00:00,2410114.96,0.35,286.79,-1.16,-0.07
2024-04-10 12:00:00,3144067.72,0.28,289.49,-1.81,0.32
2024-04-10 14:00:00,3045056.96,0.08,291.61,-2.10,0.52
2024-04-10 16:00:00,2120330.68,0.42,292.71,-2.48,1.02
2024-04-10 18:00:00,675032.85,0.24,291.12,-2.11,1.03
2024-04-10 20:00:00,0.00,0.89,287.78,-2.46,0.82
2024-04-10 22:00:00,0.00,0.86,286.13,-2.33,0.40
2024-04-11 06:00:00,7812.96,0.09,281.13,-1.63,-0.45
2024-04-11 08:00:00,1062277.54,0.00,286.70,-1.95,-0.60
2024-04-11 10:00:00,2410285.44,0.00,291.85,-2.61,-0.85
2024-04-11 12:00:00,3165932.32,0.03,294.82,-3.21,-1.72
2024-04-11 14:00:00,3063251.76,0.39,296.76,-2.72,-2.20
2024-04-11 16:00:00,2135055.72,0.53,297.53,-2.47,-1.97
2024-04-11 18:00:00,722708.71,0.06,295.59,-0.99,-1.22
2024-04-11 20:00:00,0.00,0.00,290.72,-1.23,-1.61
2024-04-11 22:00:00,0.00,0.00,288.02,-0.24,-1.89
2024-04-12 06:00:00,10293.56,0.00,281.14,-0.35,-0.86
2024-04-12 08:00:00,1105885.72,0.00,286.40,0.13,-0.86
2024-04-12 10:00:00,2469324.96,0.00,291.60,0.79,-0.50
2024-04-12 12:00:00,3223327.24,0.00,294.22,0.73,-0.50
2024-04-12 14:00:00,3114603.08,0.00,296.25,0.16,-0.25
2024-04-12 16:00:00,2176788.64,0.00,297.02,-0.19,-0.27
2024-04-12 18:00:00,748963.58,0.00,295.81,0.52,-0.30
2024-04-12 20:00:00,0.00,0.00,291.54,0.67,0.66
2024-04-12 22:00:00,0.00,0.00,288.62,0.34,0.42
2024-04-13 06:00:00,12596.01,0.00,281.92,-0.38,-1.03
2024-04-13 08:00:00,1128299.76,0.00,287.39,-0.43,-0.87
2024-04-13 10:00:00,2500026.00,0.00,293.20,-0.50,-0.83
2024-04-13 12:00:00,3257426.96,0.00,296.44,-0.09,-0.68
2024-04-13 14:00:00,3146394.64,0.00,298.57,0.18,-0.59
2024-04-13 16:00:00,2203865.68,0.01,299.27,-0.22,-0.51
2024-04-13 18:00:00,767246.05,0.03,297.65,0.03,0.35
2024-04-13 20:00:00,0.00,0.13,293.54,-0.63,1.27
2024-04-13 22:00:00,0.00,0.46,289.43,0.51,0.35
2024-04-14 06:00:00,15480.60,0.01,282.63,-0.16,-1.00
2024-04-14 08:00:00,1144553.84,0.02,288.35,0.25,-0.95
2024-04-14 10:00:00,2504563.92,0.28,293.86,0.70,-0.51
2024-04-14 12:00:00,3234085.08,0.74,296.72,1.12,-0.32
2024-04-14 14:00:00,3082679.00,0.89,298.50,0.94,0.11
2024-04-14 16:00:00,2128621.44,0.90,298.91,0.48,0.47
2024-04-14 18:00:00,685981.32,0.27,297.20,0.61,0.53
2024-04-14 20:00:00,0.00,0.10,292.79,0.29,1.93
2024-04-14 22:00:00,0.00,0.11,288.56,-0.07,1.95
2024-04-15 06:00:00,17089.84,0.51,285.22,-0.26,0.69
2024-04-15 08:00:00,999538.59,0.45,289.55,-0.29,0.40
2024-04-15 10:00:00,2440399.76,0.08,295.15,0.03,0.56
2024-04-15 12:00:00,3147465.64,0.14,297.88,-0.82,1.21
2024-04-15 14:00:00,2979591.44,0.11,299.31,-1.82,1.61
2024-04-15 16:00:00,2117803.68,0.14,299.20,-2.72,1.56
2024-04-15 18:00:00,772107.45,0.03,296.59,-2.27,0.98
2024-04-15 20:00:00,0.00,0.01,292.31,-2.47,0.67
2024-04-15 22:00:00,0.00,0.00,288.99,-2.30,0.29
2024-04-16 06:00:00,21403.87,0.00,282.69,-1.61,-0.66
2024-04-16 08:00:00,1165119.76,0.01,287.69,-1.66,-0.97
2024-04-16 10:00:00,2519481.04,0.00,292.57,-0.85,-0.40
2024-04-16 12:00:00,3261915.52,0.00,295.02,-1.47,1.30
2024-04-16 14:00:00,3149355.62,0.00,296.85,-1.91,1.71
2024-04-16 16:00:00,2210278.08,0.00,297.07,-2.24,2.01
2024-04-16 18:00:00,770500.42,0.00,294.46,-2.85,0.94
2024-04-16 20:00:00,0.00,0.00,290.31,-3.06,-0.28
2024-04-16 22:00:00,0.00,0.00,287.38,-2.54,-0.94
2024-04-17 06:00:00,24706.23,0.05,280.14,-1.85,-1.54
2024-04-17 08:00:00,1187986.48,0.05,283.84,-2.15,-2.01
2024-04-17 10:00:00,2520447.68,0.02,287.79,-2.28,-1.76
2024-04-17 12:00:00,3219026.16,0.03,290.70,-2.23,-1.06
2024-04-17 14:00:00,3176705.24,0.03,292.97,-2.21,-0.45
2024-04-17 16:00:00,2245914.68,0.01,293.80,-2.18,-0.21
2024-04-17 18:00:00,812673.48,0.00,291.98,-2.01,-0.33
2024-04-17 20:00:00,0.00,0.01,287.60,-1.92,-0.70
2024-04-17 22:00:00,0.00,0.02,284.98,-2.11,-0.78
2024-04-18 06:00:00,29103.68,0.13,278.86,-2.00,-1.13
2024-04-18 08:00:00,1222403.88,0.22,283.69,-2.32,-1.74
2024-04-18 10:00:00,2564131.44,0.32,288.93,-2.21,-2.08
2024-04-18 12:00:00,3287161.68,0.27,291.78,-1.89,-1.37
2024-04-18 14:00:00,3224835.24,0.28,293.82,-2.45,-1.32
2024-04-18 16:00:00,2273186.44,0.25,294.16,-2.65,-1.37
2024-04-18 18:00:00,827590.89,0.11,292.31,-2.26,-1.85
2024-04-18 20:00:00,0.00,0.16,288.00,-1.88,-2.50
2024-04-18 22:00:00,0.00,0.15,284.82,-2.35,-3.15
2024-04-19 06:00:00,33866.23,0.04,278.09,-1.27,-2.06
2024-04-19 08:00:00,1211775.24,0.08,283.16,0.02,-2.39
2024-04-19 10:00:00,2581738.00,0.02,288.01,0.74,-1.75
2024-04-19 12:00:00,3304661.24,0.03,291.39,1.29,-0.95
2024-04-19 14:00:00,3091643.20,0.04,293.72,0.95,-0.51
2024-04-19 16:00:00,2124298.72,0.05,294.72,0.39,-0.09
2024-04-19 18:00:00,772409.99,0.12,293.54,-0.20,-0.42
2024-04-19 20:00:00,0.00,0.31,289.19,-0.42,-1.20
2024-04-19 22:00:00,0.00,0.59,286.19,0.11,-0.81
2024-04-20 06:00:00,34336.69,0.83,280.91,-0.90,-1.31
2024-04-20 08:00:00,1072512.83,0.83,286.28,-1.28,-1.79
2024-04-20 10:00:00,2210542.00,0.83,291.23,-0.94,-1.60
2024-04-20 12:00:00,2534973.84,0.82,294.01,-1.12,-1.77
2024-04-20 14:00:00,3033908.48,0.73,295.75,-1.32,-2.04
2024-04-20 16:00:00,2201339.64,0.71,296.10,-1.71,-1.84
2024-04-20 18:00:00,834746.65,0.38,294.44,-1.25,-1.16
2024-04-20 20:00:00,0.00,0.12,290.04,-2.21,-0.63
2024-04-20 22:00:00,0.00,0.05,287.22,-2.25,-2.04
2024-04-21 06:00:00,41664.00,0.00,280.60,-1.29,-2.00
2024-04-21 08:00:00,1263452.56,0.00,285.76,-0.37,-2.30
2024-04-21 10:00:00,2620496.80,0.00,290.34,0.69,-1.44
2024-04-21 12:00:00,3347740.88,0.00,293.10,0.11,-0.25
2024-04-21 14:00:00,3154010.32,0.01,295.04,-1.16,0.32
2024-04-21 16:00:00,2233716.24,0.02,295.61,-1.88,0.34
2024-04-21 18:00:00,790289.50,0.11,293.98,-2.02,0.27
2024-04-21 20:00:00,0.00,0.00,289.59,-2.23,0.29
2024-04-21 22:00:00,0.00,0.03,286.12,-2.52,0.20
2024-04-22 06:00:00,47334.93,0.03,278.40,-2.98,-1.12
2024-04-22 08:00:00,1285375.48,0.01,282.24,-3.83,-1.74
2024-04-22 10:00:00,2648171.24,0.00,286.25,-3.74,-1.90
2024-04-22 12:00:00,3420822.64,0.00,288.51,-3.78,-1.34
2024-04-22 14:00:00,3305377.60,0.00,290.05,-3.96,-0.54
2024-04-22 16:00:00,2349339.04,0.00,290.23,-4.58,-0.05
2024-04-22 18:00:00,891276.76,0.00,288.00,-5.02,-0.13
2024-04-22 20:00:00,0.00,0.00,284.16,-4.91,-0.48
2024-04-22 22:00:00,0.00,0.00,280.80,-4.23,-1.64
2024-04-23 06:00:00,53069.36,0.01,274.38,-1.99,-0.40
2024-04-23 08:00:00,1296390.60,0.03,279.50,-2.74,-0.66
2024-04-23 10:00:00,2593007.88,0.12,283.73,-3.20,-0.33
2024-04-23 12:00:00,3182120.96,0.49,286.71,-4.27,-0.35
2024-04-23 14:00:00,2512722.88,0.78,288.54,-4.81,0.71
2024-04-23 16:00:00,1522991.44,0.70,288.54,-5.11,1.46
2024-04-23 18:00:00,687216.93,0.39,287.18,-4.61,1.35
2024-04-23 20:00:00,1.54,0.22,284.14,-3.46,0.22
2024-04-23 22:00:00,0.00,0.08,281.69,-2.76,0.03
2024-04-24 06:00:00,59003.30,0.01,275.30,-1.71,-0.93
2024-04-24 08:00:00,1328967.80,0.00,280.39,-1.85,-1.14
2024-04-24 10:00:00,2701610.40,0.00,284.57,-1.50,0.15
2024-04-24 12:00:00,3445316.60,0.36,287.62,-1.17,0.79
2024-04-24 14:00:00,3277097.64,0.99,290.26,-0.89,1.38
2024-04-24 16:00:00,2203644.16,1.00,291.09,-0.51,1.99
2024-04-24 18:00:00,701474.21,0.97,289.62,-0.41,1.86
2024-04-24 20:00:00,12.80,0.52,286.37,-0.30,1.18
2024-04-24 22:00:00,0.00,0.67,283.20,-0.70,0.80
2024-04-25 06:00:00,47925.14,0.99,279.68,-0.52,-0.40
2024-04-25 08:00:00,928161.63,0.97,283.49,-0.33,0.02
2024-04-25 10:00:00,2029521.12,0.58,287.40,0.35,1.94
2024-04-25 12:00:00,2662837.48,0.46,290.04,-0.06,3.47
2024-04-25 14:00:00,2034679.16,0.74,290.63,-1.12,4.45
2024-04-25 16:00:00,1123203.86,0.62,289.84,-2.00,4.21
2024-04-25 18:00:00,511476.97,0.55,288.81,-2.08,2.95
2024-04-25 20:00:00,45.57,0.40,285.60,-1.38,1.23
2024-04-25 22:00:00,0.00,0.42,283.87,-1.25,0.67
2024-04-26 06:00:00,50227.07,0.97,280.05,0.20,0.69
2024-04-26 08:00:00,945879.41,1.00,283.54,1.32,1.21
2024-04-26 10:00:00,2046203.40,0.98,286.66,3.20,2.41
2024-04-26 12:00:00,2433506.44,0.93,288.25,3.83,3.59
2024-04-26 14:00:00,2414332.00,0.88,288.95,4.29,4.14
2024-04-26 16:00:00,1749865.04,0.79,288.24,4.28,4.36
2024-04-26 18:00:00,661218.68,0.83,286.54,3.72,3.57
2024-04-26 20:00:00,100.86,0.59,285.17,2.60,1.62
2024-04-26 22:00:00,0.00,0.76,284.33,3.35,0.93
2024-04-27 06:00:00,24712.23,0.80,281.26,4.13,2.07
2024-04-27 08:00:00,502026.45,0.91,281.81,4.22,2.76
2024-04-27 10:00:00,1532930.22,0.45,283.02,3.77,2.83
2024-04-27 12:00:00,2762245.48,0.72,284.36,5.62,2.99
2024-04-27 14:00:00,2622715.16,0.53,285.55,3.66,5.53
2024-04-27 16:00:00,1937678.88,0.55,286.05,2.69,5.24
2024-04-27 18:00:00,769411.77,0.49,284.94,1.98,3.77
2024-04-27 20:00:00,201.21,0.40,282.76,1.81,1.54
2024-04-27 22:00:00,0.00,0.27,280.91,0.52,1.37
2024-04-28 06:00:00,72319.45,0.17,277.13,-0.15,0.23
2024-04-28 08:00:00,1269323.36,0.14,282.27,-0.27,-0.26
2024-04-28 10:00:00,2439309.56,0.61,286.08,1.21,0.16
2024-04-28 12:00:00,3028450.24,0.42,287.50,1.36,1.08
2024-04-28 14:00:00,3091939.44,0.40,288.65,1.30,1.32
2024-04-28 16:00:00,2217538.48,0.32,289.03,0.88,1.66
2024-04-28 18:00:00,860882.98,0.28,287.66,-0.44,1.51
2024-04-28 20:00:00,428.03,0.30,284.67,-0.90,0.85
2024-04-28 22:00:00,0.00,0.32,281.27,-1.21,1.08
2024-04-29 06:00:00,82872.20,0.25,279.07,-1.65,-0.21
2024-04-29 08:00:00,1265008.32,0.13,283.53,-1.50,-1.02
2024-04-29 10:00:00,2640592.40,0.37,287.42,-0.29,-0.56
2024-04-29 12:00:00,3096049.60,0.58,289.15,-0.05,0.40
2024-04-29 14:00:00,2866655.80,0.71,290.08,-0.47,1.54
2024-04-29 16:00:00,1787029.24,0.87,289.22,-1.63,1.75
2024-04-29 18:00:00,619074.51,0.92,287.55,-1.91,0.83
2024-04-29 20:00:00,576.51,0.66,285.38,-0.60,0.48
2024-04-29 22:00:00,0.00,0.55,283.79,0.82,0.15
2024-04-30 06:00:00,89228.19,0.03,279.26,0.38,0.61
2024-04-30 08:00:00,1362393.68,0.04,284.15,0.64,1.73
2024-04-30 10:00:00,2678151.44,0.42,287.70,1.26,2.99
2024-04-30 12:00:00,2866733.04,0.71,289.12,1.48,4.09
2024-04-30 14:00:00,2631567.88,0.68,289.70,1.75,4.85
2024-04-30 16:00:00,1693063.00,0.57,289.20,1.74,5.13
2024-04-30 18:00:00,578049.31,0.37,287.34,1.70,4.11
2024-04-30 20:00:00,885.23,0.62,285.32,2.39,3.41
2024-04-30 22:00:00,0.00,0.67,283.80,2.43,2.83
2024-05-01 06:00:00,67551.97,0.45,279.27,0.44,2.98
2024-05-01 08:00:00,1067344.55,0.56,281.01,-0.23,3.51
2024-05-01 10:00:00,2162289.56,0.44,283.39,-0.56,4.20
2024-05-01 12:00:00,3050550.04,0.71,284.75,-0.36,4.47
2024-05-01 14:00:00,2258076.72,0.82,284.92,-0.34,4.87
2024-05-01 16:00:00,1563500.76,0.73,283.78,-0.07,5.01
2024-05-01 18:00:00,602292.58,0.86,282.66,-0.74,4.76
2024-05-01 20:00:00,1148.43,0.66,280.39,-0.16,3.27
2024-05-01 22:00:00,0.00,0.47,279.15,-0.43,2.89
2024-05-02 06:00:00,95203.30,0.25,277.05,0.58,2.25
2024-05-02 08:00:00,1285232.16,0.33,280.67,-0.04,2.99
2024-05-02 10:00:00,2424802.60,0.58,283.86,-0.32,3.44
2024-05-02 12:00:00,2629352.28,0.74,285.66,0.69,4.11
2024-05-02 14:00:00,2374612.04,0.75,286.68,1.49,4.48
2024-05-02 16:00:00,1397116.12,0.76,286.96,1.36,4.63
2024-05-02 18:00:00,661249.67,0.57,286.20,1.32,3.95
2024-05-02 20:00:00,1704.45,0.43,283.60,0.83,2.15
2024-05-02 22:00:00,0.00,0.33,281.24,0.27,1.85
2024-05-03 06:00:00,104117.89,0.24,277.36,0.70,1.02
2024-05-03 08:00:00,1250795.05,0.30,282.75,0.81,2.04
2024-05-03 10:00:00,2477817.16,0.41,286.17,0.95,2.88
2024-05-03 12:00:00,2972469.96,0.58,288.70,0.56,2.99
2024-05-03 14:00:00,2903844.12,0.86,290.76,1.41,3.12
2024-05-03 16:00:00,1905654.04,0.91,291.52,1.88,3.79
2024-05-03 18:00:00,788336.21,0.83,290.25,1.46,3.17
2024-05-03 20:00:00,2324.50,0.86,287.29,0.98,2.32
2024-05-03 22:00:00,0.00,0.74,284.99,0.74,1.76
2024-05-04 06:00:00,106780.03,0.80,280.98,1.38,0.19
2024-05-04 08:00:00,1374948.88,0.83,286.65,1.95,1.01
2024-05-04 10:00:00,2672568.72,0.87,290.86,2.12,2.67
2024-05-04 12:00:00,3386938.60,0.60,293.56,2.77,3.62
2024-05-04 14:00:00,3179921.52,0.26,295.31,3.01,4.43
2024-05-04 16:00:00,2265971.12,0.32,295.62,2.79,4.70
2024-05-04 18:00:00,865693.41,0.30,294.01,1.76,3.88
2024-05-04 20:00:00,2442.29,0.32,290.98,0.89,2.72
2024-05-04 22:00:00,0.00,0.32,288.98,0.77,2.09
2024-05-05 06:00:00,105946.96,0.72,284.57,2.15,1.38
2024-05-05 08:00:00,1000157.36,1.00,287.69,2.85,3.20
2024-05-05 10:00:00,1666255.40,0.99,290.28,3.54,3.95
2024-05-05 12:00:00,2405230.08,0.99,291.82,3.27,4.61
2024-05-05 14:00:00,2090469.12,0.99,291.25,3.30,4.48
2024-05-05 16:00:00,1755475.08,0.89,291.15,3.40,4.36
2024-05-05 18:00:00,631956.91,0.48,289.88,2.08,3.85
2024-05-05 20:00:00,2716.13,0.67,287.76,1.56,2.31
2024-05-05 22:00:00,0.00,0.86,286.39,-0.47,1.37
2024-05-06 06:00:00,61676.98,0.84,283.41,0.29,2.09
2024-05-06 08:00:00,747309.87,0.73,285.80,-0.13,2.29
2024-05-06 10:00:00,2047030.12,0.54,288.30,-0.01,2.83
2024-05-06 12:00:00,2599861.32,0.51,290.07,-0.39,3.13
2024-05-06 14:00:00,2551091.24,0.39,291.35,-1.08,3.54
2024-05-06 16:00:00,1766810.32,0.34,292.03,-2.05,3.09
2024-05-06 18:00:00,783230.67,0.11,291.07,-2.42,2.13
2024-05-06 20:00:00,4724.72,0.03,287.02,-1.56,1.31
2024-05-06 22:00:00,0.00,0.01,283.76,-1.63,0.81
2024-05-07 06:00:00,134127.13,0.00,280.15,-1.82,-0.78
2024-05-07 08:00:00,1458523.44,0.02,285.88,-1.61,-1.32
2024-05-07 10:00:00,2695787.60,0.06,290.05,-0.79,-0.89
2024-05-07 12:00:00,3427893.88,0.09,292.21,-1.46,0.58
2024-05-07 14:00:00,3338547.20,0.05,293.81,-2.05,0.71
2024-05-07 16:00:00,2402626.88,0.13,294.61,-2.72,0.95
2024-05-07 18:00:00,999704.76,0.25,293.11,-3.47,0.41
2024-05-07 20:00:00,5792.75,0.45,289.37,-3.49,-0.72
2024-05-07 22:00:00,0.00,0.73,286.68,-3.16,-1.39
2024-05-08 06:00:00,139991.39,0.98,281.17,-1.79,-1.66
2024-05-08 08:00:00,1347157.96,0.98,286.17,-1.66,-2.40
2024-05-08 10:00:00,2696499.60,0.96,290.38,-1.60,-1.89
2024-05-08 12:00:00,3409593.48,0.81,293.59,-0.74,-1.75
2024-05-08 14:00:00,3140721.36,0.78,296.01,-0.77,-1.43
2024-05-08 16:00:00,2215322.36,0.39,297.07,-0.69,-1.70
2024-05-08 18:00:00,967967.55,0.00,296.32,-0.40,-1.32
2024-05-08 20:00:00,6870.00,0.00,291.41,-0.67,-1.05
2024-05-08 22:00:00,0.00,0.00,287.39,-1.06,-1.27
2024-05-09 06:00:00,142964.68,0.84,283.28,-0.72,-1.57
2024-05-09 08:00:00,1401917.08,0.91,289.24,0.23,-1.84
2024-05-09 10:00:00,2715809.68,0.96,293.94,0.55,-0.70
2024-05-09 12:00:00,3355144.76,0.97,297.09,1.17,-0.44
2024-05-09 14:00:00,3084507.92,0.96,298.71,1.34,-0.28
2024-05-09 16:00:00,2053503.56,0.99,298.98,1.44,0.01
2024-05-09 18:00:00,740262.96,0.99,297.16,0.53,0.48
2024-05-09 20:00:00,6364.64,0.99,293.32,-0.60,0.07
2024-05-09 22:00:00,0.00,0.89,290.02,-0.64,-0.08
2024-05-10 06:00:00,139761.01,0.11,284.84,0.03,-1.51
2024-05-10 08:00:00,1458911.84,0.02,290.44,0.65,-1.38
2024-05-10 10:00:00,2756503.16,0.03,295.45,1.04,-1.27
2024-05-10 12:00:00,3447311.12,0.24,298.59,1.94,-1.14
2024-05-10 14:00:00,3305298.38,0.62,300.47,2.42,-0.83
2024-05-10 16:00:00,2387647.72,0.30,301.05,2.45,-0.30
2024-05-10 18:00:00,992085.94,0.01,299.82,1.28,-0.17
2024-05-10 20:00:00,8922.09,0.01,294.92,-0.28,-0.55
2024-05-10 22:00:00,0.00,0.02,291.98,-0.06,-0.62
2024-05-11 06:00:00,147428.68,0.14,286.42,0.05,-2.13
2024-05-11 08:00:00,1374982.24,0.08,290.75,1.52,-2.08
2024-05-11 10:00:00,2686622.48,0.05,295.00,2.08,-0.84
2024-05-11 12:00:00,3417957.12,0.12,298.13,3.02,0.68
2024-05-11 14:00:00,3142322.80,0.49,300.01,2.80,2.30
2024-05-11 16:00:00,1973172.80,0.73,299.63,1.69,3.43
2024-05-11 18:00:00,739818.00,0.61,297.50,-0.22,3.24
2024-05-11 20:00:00,8702.38,0.38,293.81,-1.13,1.84
2024-05-11 22:00:00,0.00,0.25,290.68,-0.72,-0.34
2024-05-12 06:00:00,158016.37,0.32,285.76,-0.74,-0.66
2024-05-12 08:00:00,1360616.96,0.56,291.62,-0.34,-0.44
2024-05-12 10:00:00,2615398.08,0.99,296.05,-0.50,0.10
2024-05-12 12:00:00,2998298.28,0.92,298.33,0.50,1.11
2024-05-12 14:00:00,2933654.20,0.95,299.73,0.58,2.61
2024-05-12 16:00:00,1938783.96,1.00,299.07,0.64,2.77
2024-05-12 18:00:00,580794.64,0.99,297.23,-0.09,2.45
2024-05-12 20:00:00,8756.79,0.63,294.46,-0.39,1.52
2024-05-12 22:00:00,0.00,0.22,291.33,-0.38,0.47
2024-05-13 06:00:00,155341.46,0.90,286.15,-0.14,-0.08
2024-05-13 08:00:00,1294752.56,0.99,291.80,0.99,0.48
2024-05-13 10:00:00,2402483.68,1.00,295.80,0.68,1.54
2024-05-13 12:00:00,2621411.92,0.97,297.48,2.35,3.33
2024-05-13 14:00:00,2814064.64,0.95,299.11,2.58,4.66
2024-05-13 16:00:00,2137077.52,0.75,298.80,2.63,5.03
2024-05-13 18:00:00,672405.58,0.55,296.07,1.89,4.73
2024-05-13 20:00:00,7808.69,0.68,293.21,0.36,4.09
2024-05-13 22:00:00,0.00,0.64,290.28,-0.49,3.92
2024-05-14 06:00:00,134237.38,0.32,283.26,-1.68,2.62
2024-05-14 08:00:00,1378605.24,0.27,285.53,-1.99,2.51
2024-05-14 10:00:00,2280195.36,0.71,287.86,-0.81,3.37
2024-05-14 12:00:00,2628295.20,0.81,289.71,0.45,3.99
2024-05-14 14:00:00,2534809.96,0.67,290.43,0.67,4.88
2024-05-14 16:00:00,1796859.40,0.58,290.53,0.44,4.98
2024-05-14 18:00:00,746828.44,0.40,288.49,-0.14,4.88
2024-05-14 20:00:00,12563.01,0.31,286.11,-1.02,3.79
2024-05-14 22:00:00,0.00,0.43,284.21,-1.04,2.68
2024-05-15 06:00:00,166294.81,0.35,280.81,-1.43,1.95
2024-05-15 08:00:00,1321861.72,0.31,283.87,-1.52,1.78
2024-05-15 10:00:00,2404169.48,0.47,286.47,-0.27,3.25
2024-05-15 12:00:00,2373451.32,0.86,288.28,-0.57,4.05
2024-05-15 14:00:00,1888451.04,0.86,289.35,-0.07,4.33
2024-05-15 16:00:00,1548806.60,0.75,289.57,0.42,4.34
2024-05-15 18:00:00,831185.38,0.47,288.50,0.70,4.38
2024-05-15 20:00:00,14251.58,0.36,285.88,0.47,3.56
2024-05-15 22:00:00,0.00,0.26,283.74,0.29,3.30
2024-05-16 06:00:00,140308.84,0.29,280.76,0.46,2.35
2024-05-16 08:00:00,1207754.07,0.22,283.79,0.12,2.82
2024-05-16 10:00:00,2083759.76,0.88,286.03,0.14,3.80
2024-05-16 12:00:00,1892305.04,0.95,287.88,0.82,4.43
2024-05-16 14:00:00,2262411.96,0.97,289.78,1.41,4.83
2024-05-16 16:00:00,1522241.28,0.87,290.22,1.68,5.20
2024-05-16 18:00:00,837603.20,0.66,289.25,1.66,4.69
2024-05-16 20:00:00,14544.41,0.51,286.80,1.66,2.30
2024-05-16 22:00:00,0.00,0.54,285.48,1.33,1.03
2024-05-17 06:00:00,105746.12,0.89,283.25,1.30,2.18
2024-05-17 08:00:00,744937.23,0.58,285.46,1.04,2.88
2024-05-17 10:00:00,2018066.76,0.47,287.71,1.12,2.78
2024-05-17 12:00:00,2395905.32,0.52,289.43,1.54,3.06
2024-05-17 14:00:00,2483932.68,0.67,290.86,1.12,3.84
2024-05-17 16:00:00,1433557.23,0.64,290.88,0.17,4.11
2024-05-17 18:00:00,599400.89,0.39,289.67,-0.23,3.64
2024-05-17 20:00:00,17507.31,0.31,287.24,-0.88,2.18
2024-05-17 22:00:00,0.00,0.29,284.71,-0.66,0.58
2024-05-18 06:00:00,197250.58,0.18,281.29,-1.01,0.09
2024-05-18 08:00:00,1430937.60,0.13,286.56,-0.42,0.23
2024-05-18 10:00:00,2446649.80,0.39,289.87,0.43,1.10
2024-05-18 12:00:00,2902243.32,0.50,291.76,1.51,1.78
2024-05-18 14:00:00,2664756.32,0.56,293.11,1.44,2.62
2024-05-18 16:00:00,1823201.40,0.58,293.30,1.11,3.08
2024-05-18 18:00:00,963696.84,0.24,292.00,0.23,3.24
2024-05-18 20:00:00,18118.91,0.13,288.35,-1.02,1.80
2024-05-18 22:00:00,0.00,0.13,285.34,-0.75,0.79
2024-05-19 06:00:00,181674.25,0.27,282.87,-1.30,0.00
2024-05-19 08:00:00,1379822.56,0.44,287.49,-0.72,-0.71
2024-05-19 10:00:00,2635597.40,0.68,290.50,1.54,0.78
2024-05-19 12:00:00,2790253.76,0.58,291.62,2.24,2.00
2024-05-19 14:00:00,2863785.80,0.52,291.84,1.15,3.14
2024-05-19 16:00:00,1964459.36,0.58,290.53,-1.92,3.22
2024-05-19 18:00:00,807141.45,0.39,289.05,-2.08,1.43
2024-05-19 20:00:00,20421.09,0.26,286.35,-1.39,1.10
2024-05-19 22:00:00,0.00,0.14,283.78,-1.55,-0.19
2024-05-20 06:00:00,208328.65,0.23,280.81,-0.91,-0.34
2024-05-20 08:00:00,1300450.20,0.12,286.30,-0.50,-0.22
2024-05-20 10:00:00,2431999.28,0.48,289.88,0.91,0.50
2024-05-20 12:00:00,2477566.16,0.43,291.38,0.35,2.58
2024-05-20 14:00:00,3059330.64,0.36,292.35,0.15,3.22
2024-05-20 16:00:00,2188957.52,0.50,292.55,0.00,3.43
2024-05-20 18:00:00,759325.54,0.55,290.08,-0.75,3.17
2024-05-20 20:00:00,21472.17,0.41,287.68,-0.09,1.71
2024-05-20 22:00:00,0.00,0.53,285.85,-0.03,1.36
2024-05-21 06:00:00,193792.04,0.18,283.49,-0.18,0.95
2024-05-21 08:00:00,1296781.68,0.24,286.93,-0.04,1.65
2024-05-21 10:00:00,2304788.08,0.77,289.98,1.05,1.80
2024-05-21 12:00:00,2761275.12,0.73,291.58,1.47,3.22
2024-05-21 14:00:00,2100554.92,0.58,291.47,0.82,4.19
2024-05-21 16:00:00,2002110.40,0.48,291.08,-0.08,3.92
2024-05-21 18:00:00,752205.69,0.72,288.90,-0.95,3.25
2024-05-21 20:00:00,20110.60,0.49,286.28,-0.83,1.54
2024-05-21 22:00:00,0.00,0.36,284.58,-0.64,0.89
2024-05-22 06:00:00,193033.43,0.22,282.21,-0.35,1.17
2024-05-22 08:00:00,1419871.48,0.35,286.44,-0.62,1.25
2024-05-22 10:00:00,2192789.36,0.92,289.56,0.80,2.72
2024-05-22 12:00:00,2418010.12,0.92,291.70,1.21,2.95
2024-05-22 14:00:00,2536434.28,0.94,293.16,0.74,3.48
2024-05-22 16:00:00,1910348.44,0.93,293.65,0.40,3.52
2024-05-22 18:00:00,841961.03,0.76,292.36,-0.19,2.79
2024-05-22 20:00:00,27803.12,0.13,289.14,-0.54,1.83
2024-05-22 22:00:00,0.00,0.04,285.72,-0.76,1.41
2024-05-23 06:00:00,230008.32,0.02,282.05,-1.98,-0.63
2024-05-23 08:00:00,1568647.92,0.06,287.63,-1.77,-1.58
2024-05-23 10:00:00,2859272.04,0.16,291.88,-0.47,-0.98
2024-05-23 12:00:00,3526158.08,0.24,294.46,-0.21,0.03
2024-05-23 14:00:00,3400642.28,0.13,296.28,-0.21,0.68
2024-05-23 16:00:00,2463328.28,0.10,297.23,-0.45,1.02
2024-05-23 18:00:00,1108857.70,0.01,296.39,-0.96,0.88
2024-05-23 20:00:00,31723.50,0.00,292.47,-1.70,0.08
2024-05-23 22:00:00,0.00,0.06,288.52,-1.80,-0.51
2024-05-24 06:00:00,223849.84,0.12,284.47,-1.45,-1.77
2024-05-24 08:00:00,1447922.52,0.48,289.50,-0.07,-1.77
2024-05-24 10:00:00,2786585.60,0.60,293.78,0.76,-0.00
2024-05-24 12:00:00,3429966.44,0.23,296.80,0.58,1.87
2024-05-24 14:00:00,3377218.08,0.10,298.66,0.17,2.44
2024-05-24 16:00:00,2482433.96,0.02,299.57,0.12,2.71
2024-05-24 18:00:00,1127017.28,0.04,298.57,-0.10,2.37
2024-05-24 20:00:00,33662.47,0.38,294.41,-0.08,1.43
2024-05-24 22:00:00,0.00,0.42,290.11,-1.07,-0.01
2024-05-25 06:00:00,239429.76,0.07,285.36,0.27,-1.27
2024-05-25 08:00:00,1574378.96,0.49,291.15,1.33,-0.34
2024-05-25 10:00:00,2824737.48,0.73,296.22,2.55,0.92
2024-05-25 12:00:00,3500295.40,0.76,299.35,3.03,3.87
2024-05-25 14:00:00,3423056.12,0.24,300.83,1.86,4.72
2024-05-25 16:00:00,2517869.60,0.24,301.30,1.02,4.59
2024-05-25 18:00:00,1142420.04,0.21,299.79,0.63,3.60
2024-05-25 20:00:00,35537.25,0.12,295.30,0.47,2.29
2024-05-25 22:00:00,0.00,0.04,290.45,0.10,1.42
2024-05-26 06:00:00,238231.79,0.05,285.53,-0.00,0.23
2024-05-26 08:00:00,1554705.32,0.29,292.02,0.18,0.83
2024-05-26 10:00:00,2795705.44,0.52,296.86,1.67,1.14
2024-05-26 12:00:00,3318317.32,0.79,299.43,2.22,3.23
2024-05-26 14:00:00,3131950.08,0.92,301.07,2.10,4.09
2024-05-26 16:00:00,2304035.44,0.97,301.31,1.64,4.30
2024-05-26 18:00:00,1003068.79,0.89,299.65,0.73,3.67
2024-05-26 20:00:00,32484.88,0.83,295.96,-0.04,2.51
2024-05-26 22:00:00,0.00,0.23,292.15,-0.27,1.22
2024-05-27 06:00:00,238364.65,0.68,286.97,-1.26,0.21
2024-05-27 08:00:00,1511467.40,0.75,292.45,-1.57,0.05
2024-05-27 10:00:00,2727841.76,0.64,296.73,-0.87,1.11
2024-05-27 12:00:00,3446143.36,0.47,299.15,-0.75,1.62
2024-05-27 14:00:00,3360696.36,0.14,301.07,-0.92,1.59
2024-05-27 16:00:00,2472571.56,0.06,301.75,-1.36,1.43
2024-05-27 18:00:00,1121659.87,0.76,300.36,-2.00,1.08
2024-05-27 20:00:00,36827.66,0.94,296.32,-2.76,0.59
2024-05-27 22:00:00,0.00,0.92,293.01,-2.90,-0.30
2024-05-28 06:00:00,218281.42,0.44,288.31,-1.30,-1.87
2024-05-28 08:00:00,1389153.68,0.24,292.79,-0.10,-2.28
2024-05-28 10:00:00,2768851.84,0.02,296.83,0.48,-1.34
2024-05-28 12:00:00,3424233.84,0.02,299.82,0.88,-0.25
2024-05-28 14:00:00,3263379.04,0.06,302.01,0.19,0.69
2024-05-28 16:00:00,2349033.00,0.08,302.92,-0.03,0.78
2024-05-28 18:00:00,1082953.13,0.12,302.26,-0.54,0.75
2024-05-28 20:00:00,38863.31,0.06,297.61,-1.35,0.38
2024-05-28 22:00:00,0.00,0.11,294.49,-1.13,0.46
2024-05-29 06:00:00,242978.97,0.01,289.84,-1.01,-1.38
2024-05-29 08:00:00,1533831.72,0.01,295.27,-0.19,-1.28
2024-05-29 10:00:00,2790554.52,0.10,300.14,-0.22,0.44
2024-05-29 12:00:00,3467411.76,0.28,302.89,-0.29,1.35
2024-05-29 14:00:00,3327722.68,0.31,304.66,-0.41,1.41
2024-05-29 16:00:00,2420718.64,0.26,305.25,-0.81,1.61
2024-05-29 18:00:00,1056022.94,0.32,304.33,-1.12,1.28
2024-05-29 20:00:00,42676.63,0.19,300.19,-0.93,0.95
2024-05-29 22:00:00,0.00,0.08,295.88,-1.63,0.42
2024-05-30 06:00:00,246022.90,0.00,290.89,-1.51,-1.18
2024-05-30 08:00:00,1540258.64,0.03,296.57,-0.80,-1.16
2024-05-30 10:00:00,2781288.28,0.04,301.22,-0.62,-0.23
2024-05-30 12:00:00,3442815.56,0.04,303.92,-0.74,0.86
2024-05-30 14:00:00,3293780.80,0.14,305.23,-1.16,1.82
2024-05-30 16:00:00,2293365.16,0.26,305.33,-1.79,2.22
2024-05-30 18:00:00,983271.32,0.63,303.34,-3.20,1.30
2024-05-30 20:00:00,36717.13,0.69,299.43,-3.60,-0.89
2024-05-30 22:00:00,0.00,0.72,295.56,-4.08,-2.79
2024-05-31 06:00:00,237179.93,0.27,287.51,-3.37,-2.86
2024-05-31 08:00:00,1463173.96,0.28,291.25,-3.32,-2.89
2024-05-31 10:00:00,2736170.44,0.33,295.96,-2.44,-2.57
2024-05-31 12:00:00,3466020.60,0.21,298.86,-2.28,-1.64
2024-05-31 14:00:00,3344877.84,0.37,300.92,-2.69,-0.95
2024-05-31 16:00:00,2499861.36,0.16,301.37,-3.30,-0.66
2024-05-31 18:00:00,1169580.92,0.10,299.96,-3.63,-1.06
2024-05-31 20:00:00,49151.25,0.06,295.78,-3.48,-1.27
2024-05-31 22:00:00,0.00,0.01,291.97,-3.55,-1.83
2024-06-01 06:00:00,225090.74,0.41,285.92,-2.73,-2.55
2024-06-01 08:00:00,1313306.32,0.47,289.75,-2.13,-3.09
2024-06-01 10:00:00,2351588.72,0.16,293.89,-1.69,-2.82
2024-06-01 12:00:00,3507763.28,0.01,296.80,-2.20,-1.66
2024-06-01 14:00:00,3430219.64,0.01,298.87,-2.95,-1.11
2024-06-01 16:00:00,2508199.64,0.08,299.14,-3.53,-1.43
2024-06-01 18:00:00,1184849.84,0.05,297.55,-3.59,-2.01
2024-06-01 20:00:00,51654.02,0.00,293.67,-3.12,-2.10
2024-06-01 22:00:00,0.00,0.00,290.47,-3.95,-2.81
2024-06-02 06:00:00,242832.01,0.24,285.26,-2.67,-2.74
2024-06-02 08:00:00,1336886.08,0.23,289.95,-2.04,-3.34
2024-06-02 10:00:00,2485303.40,0.19,294.03,-1.39,-2.45
2024-06-02 12:00:00,3492551.76,0.02,296.83,-0.69,-1.94
2024-06-02 14:00:00,3413474.84,0.01,298.95,-0.34,-1.35
2024-06-02 16:00:00,2491875.04,0.03,299.88,-0.44,-0.84
2024-06-02 18:00:00,1182546.80,0.02,299.14,-0.78,-0.80
2024-06-02 20:00:00,53138.80,0.01,295.05,-1.08,-1.08
2024-06-02 22:00:00,0.00,0.04,291.63,-1.58,-1.14
2024-06-03 06:00:00,243914.02,0.12,287.94,-1.22,-2.60
2024-06-03 08:00:00,1435953.68,0.17,292.51,-0.01,-2.52
2024-06-03 10:00:00,2556603.56,0.45,296.38,0.98,-0.91
2024-06-03 12:00:00,2963971.52,0.35,299.08,1.36,0.47
2024-06-03 14:00:00,2947772.68,0.31,300.03,0.42,1.71
2024-06-03 16:00:00,1610006.88,0.36,299.94,-0.54,1.64
2024-06-03 18:00:00,762713.81,0.60,298.63,-0.48,1.22
2024-06-03 20:00:00,45294.17,0.23,295.41,0.23,-0.97
2024-06-03 22:00:00,0.00,0.38,291.97,-0.13,-0.96
2024-06-04 06:00:00,248672.44,0.02,288.44,-0.27,-1.00
2024-06-04 08:00:00,1555480.56,0.00,293.55,0.45,-0.26
2024-06-04 10:00:00,2807815.16,0.16,298.10,-0.08,0.87
2024-06-04 12:00:00,3322896.68,0.34,301.20,0.04,2.28
2024-06-04 14:00:00,3209835.64,0.45,302.60,0.45,2.33
2024-06-04 16:00:00,2406066.36,0.49,303.13,0.41,2.78
2024-06-04 18:00:00,1034895.65,0.51,302.16,0.31,2.65
2024-06-04 20:00:00,42816.99,0.43,298.87,0.47,1.37
2024-06-04 22:00:00,0.00,0.31,294.98,-0.48,-0.66
2024-06-05 06:00:00,255596.05,0.08,290.38,-0.46,-0.70
2024-06-05 08:00:00,1557421.24,0.01,296.40,0.64,-0.37
2024-06-05 10:00:00,2799992.76,0.23,300.95,1.39,0.49
2024-06-05 12:00:00,3345546.08,0.76,303.56,2.36,2.02
2024-06-05 14:00:00,3153754.60,0.99,304.85,2.19,2.23
2024-06-05 16:00:00,2175064.48,0.97,305.21,1.97,2.40
2024-06-05 18:00:00,1008060.27,0.99,303.92,1.43,2.21
2024-06-05 20:00:00,47734.72,1.00,299.93,0.23,1.48
2024-06-05 22:00:00,0.00,0.99,296.11,-0.38,1.63
2024-06-06 06:00:00,232176.68,0.73,291.25,0.44,-1.76
2024-06-06 08:00:00,1501496.36,0.52,296.82,1.38,-1.52
2024-06-06 10:00:00,2698560.56,0.84,301.70,1.20,-0.63
2024-06-06 12:00:00,3372512.60,0.87,304.65,2.25,-0.59
2024-06-06 14:00:00,3214456.88,0.81,306.21,2.69,-0.00
2024-06-06 16:00:00,2208377.76,0.87,306.49,2.35,0.25
2024-06-06 18:00:00,635334.29,0.99,304.55,1.06,2.22
2024-06-06 20:00:00,35330.35,1.00,300.27,-1.12,0.02
2024-06-06 22:00:00,0.00,0.98,297.65,-2.27,-1.07
2024-06-07 06:00:00,213787.20,0.54,293.18,-0.90,-2.38
2024-06-07 08:00:00,1436668.52,0.77,297.09,0.27,-3.18
2024-06-07 10:00:00,2375281.72,0.99,300.85,1.01,-2.61
2024-06-07 12:00:00,2588167.20,1.00,303.45,2.26,-2.61
2024-06-07 14:00:00,2800200.68,0.97,305.43,3.22,-2.63
2024-06-07 16:00:00,1264351.14,1.00,304.85,3.44,-2.59
2024-06-07 18:00:00,626832.13,1.00,302.94,2.58,-1.20
2024-06-07 20:00:00,31396.91,0.92,300.07,0.57,-1.93
2024-06-07 22:00:00,0.00,0.22,297.43,2.50,-1.81
2024-06-08 06:00:00,93437.66,0.95,291.33,1.68,0.77
2024-06-08 08:00:00,737554.68,0.99,292.60,1.24,2.25
2024-06-08 10:00:00,1590747.89,0.91,293.67,-0.10,2.01
2024-06-08 12:00:00,2244398.28,0.92,294.20,1.33,1.64
2024-06-08 14:00:00,1664753.51,0.90,292.85,0.96,1.13
2024-06-08 16:00:00,1219503.78,0.88,291.93,-0.38,0.60
2024-06-08 18:00:00,832917.06,0.75,291.94,-0.07,0.46
2024-06-08 20:00:00,41908.77,0.90,290.16,0.48,0.64
2024-06-08 22:00:00,0.00,0.98,289.54,0.64,0.89
2024-06-09 06:00:00,150787.89,0.77,287.99,-0.06,1.27
2024-06-09 08:00:00,1019783.86,0.65,290.43,-0.50,1.33
2024-06-09 10:00:00,1926137.64,0.65,292.88,0.31,0.87
2024-06-09 12:00:00,1618203.48,0.72,293.73,1.03,2.08
2024-06-09 14:00:00,1492638.44,0.73,294.40,0.26,2.97
2024-06-09 16:00:00,1106312.26,0.73,294.72,-1.29,2.30
2024-06-09 18:00:00,570904.22,0.93,293.78,-1.69,0.84
2024-06-09 20:00:00,34631.32,0.94,292.09,-0.83,0.11
2024-06-09 22:00:00,0.00,0.87,290.53,0.25,0.47
2024-06-10 06:00:00,110540.01,0.99,287.42,-0.97,-0.23
2024-06-10 08:00:00,404682.14,0.99,287.73,-1.33,-0.58
2024-06-10 10:00:00,655061.94,0.98,288.48,-1.77,-0.91
2024-06-10 12:00:00,809449.71,0.97,288.90,-2.35,-0.61
2024-06-10 14:00:00,1469890.67,0.96,290.74,-2.26,-0.51
2024-06-10 16:00:00,1133428.73,0.97,291.62,-2.43,-0.66
2024-06-10 18:00:00,901838.14,0.90,291.65,-2.23,-1.11
2024-06-10 20:00:00,42980.60,0.89,290.24,-0.50,-0.60
2024-06-10 22:00:00,0.00,0.80,288.33,-1.50,0.11
2024-06-11 06:00:00,266132.05,0.12,284.86,-2.24,-0.42
2024-06-11 08:00:00,1550282.68,0.09,288.18,-2.45,-0.92
2024-06-11 10:00:00,2833531.64,0.02,291.92,-2.63,-0.55
2024-06-11 12:00:00,3516404.76,0.00,294.50,-2.42,-0.31
2024-06-11 14:00:00,3395241.56,0.03,296.64,-2.30,0.26
2024-06-11 16:00:00,2473162.60,0.13,297.71,-2.26,0.67
2024-06-11 18:00:00,973740.73,0.25,296.87,-1.97,0.64
2024-06-11 20:00:00,63188.60,0.14,293.06,-1.28,0.31
2024-06-11 22:00:00,0.00,0.18,290.45,-1.04,-0.00
2024-06-12 06:00:00,221433.98,0.27,286.47,-1.30,-1.96
2024-06-12 08:00:00,1333869.48,0.22,289.95,-0.79,-1.66
2024-06-12 10:00:00,2505641.44,0.28,293.00,-1.09,-0.07
2024-06-12 12:00:00,3044506.76,0.38,295.22,-1.20,1.13
2024-06-12 14:00:00,2476270.92,0.44,295.02,-2.07,1.75
2024-06-12 16:00:00,1612274.92,0.33,294.66,-2.43,0.49
2024-06-12 18:00:00,926249.05,0.16,294.63,-2.55,-0.28
2024-06-12 20:00:00,58871.84,0.20,291.61,-1.72,-1.11
2024-06-12 22:00:00,0.00,0.33,289.30,-1.39,-2.09
2024-06-13 06:00:00,257400.50,0.07,285.29,-0.99,-1.61
2024-06-13 08:00:00,1539617.44,0.06,290.13,0.67,-1.20
2024-06-13 10:00:00,2817955.56,0.01,294.43,1.17,-0.04
2024-06-13 12:00:00,3504689.10,0.23,297.55,2.05,2.34
2024-06-13 14:00:00,3309767.40,0.34,299.78,1.83,3.51
2024-06-13 16:00:00,2467681.24,0.66,300.61,1.55,3.96
2024-06-13 18:00:00,1212564.96,0.77,299.70,1.15,3.18
2024-06-13 20:00:00,71519.37,0.82,296.05,0.63,1.80
2024-06-13 22:00:00,0.00,0.76,291.83,-0.41,2.05
2024-06-14 06:00:00,268610.40,0.00,287.84,0.43,0.15
2024-06-14 08:00:00,1581415.80,0.00,294.30,1.30,0.94
2024-06-14 10:00:00,2840744.00,0.00,298.72,2.36,2.58
2024-06-14 12:00:00,3530354.44,0.10,300.80,2.89,3.66
2024-06-14 14:00:00,3307380.12,0.16,302.00,2.75,4.17
2024-06-14 16:00:00,2313809.04,0.27,302.36,2.59,4.57
2024-06-14 18:00:00,1077526.87,0.18,300.87,1.72,4.23
2024-06-14 20:00:00,73322.68,0.17,297.46,1.02,2.79
2024-06-14 22:00:00,0.00,0.17,294.59,0.33,2.74
2024-06-15 06:00:00,265915.74,0.33,288.43,-1.42,1.28
2024-06-15 08:00:00,1509977.48,0.53,291.85,-1.43,0.95
2024-06-15 10:00:00,2797886.32,0.30,298.04,-0.34,1.93
2024-06-15 12:00:00,3540737.80,0.29,298.72,0.24,2.85
2024-06-15 14:00:00,3440299.16,0.44,299.93,0.53,3.70
2024-06-15 16:00:00,2572113.56,0.25,300.34,-0.23,3.95
2024-06-15 18:00:00,1238945.08,0.01,299.14,-0.44,3.33
2024-06-15 20:00:00,79116.65,0.00,295.22,-0.29,2.09
2024-06-15 22:00:00,0.00,0.00,291.13,-0.65,0.80
2024-06-16 06:00:00,271092.70,0.02,286.89,-1.12,0.38
2024-06-16 08:00:00,1583182.80,0.09,292.84,-0.71,0.19
2024-06-16 10:00:00,2823324.12,0.12,297.13,1.18,0.98
2024-06-16 12:00:00,3525476.44,0.14,299.81,1.15,2.33
2024-06-16 14:00:00,3420881.50,0.01,301.44,1.65,2.79
2024-06-16 16:00:00,2562009.52,0.16,302.21,1.81,3.48
2024-06-16 18:00:00,1231169.04,0.10,301.07,1.62,3.56
2024-06-16 20:00:00,80213.36,0.01,297.58,1.10,2.59
2024-06-16 22:00:00,0.00,0.01,293.44,0.26,2.18
2024-06-17 06:00:00,272807.99,0.00,288.33,1.03,0.59
2024-06-17 08:00:00,1590554.44,0.03,293.47,1.91,1.29
2024-06-17 10:00:00,2855473.04,0.05,297.86,2.62,1.37
2024-06-17 12:00:00,3548036.20,0.23,300.58,3.51,2.19
2024-06-17 14:00:00,3446997.76,0.13,302.14,3.59,3.14
2024-06-17 16:00:00,2579329.68,0.11,302.48,3.12,3.60
2024-06-17 18:00:00,1240147.60,0.28,301.00,1.80,3.80
2024-06-17 20:00:00,80145.47,0.67,297.14,-0.02,2.27
2024-06-17 22:00:00,0.00,0.85,293.86,0.16,0.20
2024-06-18 06:00:00,209648.97,0.76,290.52,1.68,-0.22
2024-06-18 08:00:00,1363602.96,0.90,293.73,2.60,1.49
2024-06-18 10:00:00,2292194.68,0.80,296.25,2.03,2.42
2024-06-18 12:00:00,2650729.00,0.93,297.03,3.52,2.53
2024-06-18 14:00:00,2641671.32,0.86,297.53,4.22,3.62
2024-06-18 16:00:00,1578583.08,0.72,295.66,2.13,4.69
2024-06-18 18:00:00,749779.27,0.32,292.18,2.22,3.66
2024-06-18 20:00:00,61211.50,0.38,289.71,2.14,2.59
2024-06-18 22:00:00,0.00,0.60,288.19,0.77,0.84
2024-06-19 06:00:00,229532.24,0.44,286.26,0.74,0.68
2024-06-19 08:00:00,1321927.52,0.32,289.58,1.02,1.34
2024-06-19 10:00:00,2367083.16,0.49,292.72,1.79,2.03
2024-06-19 12:00:00,2751491.28,0.49,294.53,1.68,1.89
2024-06-19 14:00:00,2884488.20,0.45,295.74,1.88,1.92
2024-06-19 16:00:00,1948969.88,0.75,295.61,1.77,1.98
2024-06-19 18:00:00,951594.23,0.60,294.01,1.90,2.87
2024-06-19 20:00:00,68192.05,0.53,290.63,0.85,2.80
2024-06-19 22:00:00,0.00,0.61,288.39,0.22,1.43
2024-06-20 06:00:00,238398.29,0.51,285.71,1.01,1.27
2024-06-20 08:00:00,1253530.40,0.57,288.05,1.00,1.31
2024-06-20 10:00:00,2326179.96,0.58,290.22,2.39,-0.33
2024-06-20 12:00:00,2805264.40,0.77,291.88,1.85,1.84
2024-06-20 14:00:00,2536876.44,0.81,292.38,0.77,3.71
2024-06-20 16:00:00,1787545.12,0.68,292.68,0.02,3.19
2024-06-20 18:00:00,815088.41,0.77,291.68,-0.31,3.11
2024-06-20 20:00:00,55346.74,0.64,289.70,-0.87,2.21
2024-06-20 22:00:00,0.00,0.46,287.67,-0.14,1.54
2024-06-21 06:00:00,236616.85,0.21,286.09,-0.81,0.29
2024-06-21 08:00:00,1455114.84,0.09,290.59,-1.05,-0.10
2024-06-21 10:00:00,2769818.96,0.19,293.99,0.07,0.95
2024-06-21 12:00:00,3285562.72,0.21,296.79,-0.23,1.40
2024-06-21 14:00:00,3297691.68,0.13,298.72,-0.53,1.76
2024-06-21 16:00:00,2559335.40,0.00,299.90,-0.63,1.83
2024-06-21 18:00:00,1241167.32,0.00,299.64,-0.71,1.80
2024-06-21 20:00:00,85187.44,0.00,296.26,-0.17,1.24
2024-06-21 22:00:00,0.00,0.00,291.82,-0.97,0.37
2024-06-22 06:00:00,252608.06,0.90,288.31,-0.90,-0.02
2024-06-22 08:00:00,1439606.60,0.87,293.63,-0.55,0.38
2024-06-22 10:00:00,2604443.24,0.36,298.23,-0.52,1.05
2024-06-22 12:00:00,3365414.24,0.77,300.79,-0.49,2.34
2024-06-22 14:00:00,3240158.32,0.96,302.23,-1.30,3.01
2024-06-22 16:00:00,2017318.68,0.97,301.46,-2.17,2.87
2024-06-22 18:00:00,758213.26,0.99,299.55,-2.82,1.78
2024-06-22 20:00:00,47789.23,0.86,297.09,-2.92,0.13
2024-06-22 22:00:00,0.00,0.62,294.46,-3.03,-1.25
2024-06-23 06:00:00,243997.27,0.02,290.33,-1.67,-1.40
2024-06-23 08:00:00,1491900.28,0.02,294.39,-2.02,-1.86
2024-06-23 10:00:00,2641568.24,0.08,298.05,-2.02,-1.34
2024-06-23 12:00:00,3057615.48,0.43,300.46,-2.73,-0.85
2024-06-23 14:00:00,2291922.96,0.71,302.25,-2.70,0.00
2024-06-23 16:00:00,1437140.52,0.59,302.51,-3.01,0.24
2024-06-23 18:00:00,902104.43,0.37,301.41,-3.34,-0.14
2024-06-23 20:00:00,79017.91,0.18,298.21,-3.29,-0.58
2024-06-23 22:00:00,0.00,0.02,295.47,-2.83,-1.41
2024-06-24 06:00:00,239119.98,0.11,290.37,-1.76,-1.60
2024-06-24 08:00:00,1493692.08,0.00,294.68,-1.28,-1.87
2024-06-24 10:00:00,2759497.04,0.01,298.43,-0.27,-0.36
2024-06-24 12:00:00,3470659.04,0.02,301.28,-0.30,0.48
2024-06-24 14:00:00,3391541.12,0.00,303.58,-0.36,1.00
2024-06-24 16:00:00,2557433.72,0.00,304.93,-0.43,1.33
2024-06-24 18:00:00,1243385.48,0.01,304.52,-0.55,1.08
2024-06-24 20:00:00,85070.04,0.03,300.98,-0.44,0.24
2024-06-24 22:00:00,0.00,0.05,296.84,-0.49,-0.40
2024-06-25 06:00:00,240874.69,0.00,292.29,-0.02,-1.97
2024-06-25 08:00:00,1500833.96,0.01,296.42,0.77,-1.51
2024-06-25 10:00:00,2733027.68,0.03,300.89,1.18,-0.16
2024-06-25 12:00:00,3253697.28,0.20,304.35,1.37,1.52
2024-06-25 14:00:00,3014619.52,0.31,305.45,1.60,2.48
2024-06-25 16:00:00,1760683.88,0.61,305.02,1.52,2.58
2024-06-25 18:00:00,776473.95,0.79,303.15,0.69,2.61
2024-06-25 20:00:00,66065.40,0.76,299.66,0.69,0.88
2024-06-25 22:00:00,0.00,0.89,297.39,-0.05,1.09
2024-06-26 06:00:00,223947.75,0.63,292.97,0.67,-1.96
2024-06-26 08:00:00,1420871.08,0.66,296.26,1.33,-2.01
2024-06-26 10:00:00,2549763.44,0.78,299.90,0.62,-1.66
2024-06-26 12:00:00,2839428.04,0.95,302.28,2.93,-2.17
2024-06-26 14:00:00,1630305.72,0.97,300.97,4.02,-1.55
2024-06-26 16:00:00,1373280.60,0.93,299.77,3.22,0.47
2024-06-26 18:00:00,633031.82,0.99,298.30,1.96,0.91
2024-06-26 20:00:00,31461.63,0.99,296.15,-0.75,0.75
2024-06-26 22:00:00,0.00,0.54,294.71,-1.07,-0.51
2024-06-27 06:00:00,141797.67,1.00,292.17,0.09,-1.68
2024-06-27 08:00:00,613716.85,1.00,295.00,-1.12,-1.68
2024-06-27 10:00:00,1906341.60,0.93,299.24,-1.50,-2.63
2024-06-27 12:00:00,3031824.24,0.89,302.80,0.20,-2.64
2024-06-27 14:00:00,3163213.28,0.98,305.06,1.86,-2.49
2024-06-27 16:00:00,2462549.48,0.98,305.93,3.18,-2.50
2024-06-27 18:00:00,1059574.20,0.77,304.48,3.50,-2.01
2024-06-27 20:00:00,77995.62,0.50,301.20,2.52,-0.95
2024-06-27 22:00:00,0.00,0.26,297.57,2.22,-1.82
2024-06-28 06:00:00,205658.39,0.23,292.30,-0.06,-1.19
2024-06-28 08:00:00,1435601.96,0.18,295.64,0.75,-0.85
2024-06-28 10:00:00,2394417.24,0.44,298.26,0.85,-2.48
2024-06-28 12:00:00,2043383.76,0.78,298.70,3.48,0.04
2024-06-28 14:00:00,2156989.52,0.48,297.42,3.23,2.67
2024-06-28 16:00:00,1420713.44,0.47,296.27,2.30,2.41
2024-06-28 18:00:00,741761.19,0.81,294.42,2.27,2.52
2024-06-28 20:00:00,42123.82,0.97,292.16,1.63,2.14
2024-06-28 22:00:00,0.00,0.97,290.13,0.08,2.24
2024-06-29 06:00:00,56051.02,0.94,288.52,2.18,2.86
2024-06-29 08:00:00,433191.52,0.94,289.87,1.52,4.33
2024-06-29 10:00:00,776249.17,0.98,291.34,1.44,4.39
2024-06-29 12:00:00,1051103.52,0.98,293.28,1.47,4.41
2024-06-29 14:00:00,1250207.30,0.93,294.31,1.67,4.47
2024-06-29 16:00:00,1049626.99,0.98,294.68,1.77,4.32
2024-06-29 18:00:00,541738.00,0.83,294.02,1.51,3.62
2024-06-29 20:00:00,65222.90,0.64,292.89,1.16,2.24
2024-06-29 22:00:00,0.00,0.92,291.53,1.27,2.11
2024-06-30 06:00:00,121878.41,0.99,289.17,0.47,0.95
2024-06-30 08:00:00,787421.94,0.98,291.05,0.86,0.94
2024-06-30 10:00:00,1785057.44,0.99,294.00,1.57,0.92
2024-06-30 12:00:00,2394036.84,0.94,296.16,1.75,1.22
2024-06-30 14:00:00,2088836.08,0.96,297.59,1.44,1.71
2024-06-30 16:00:00,1906915.96,0.92,298.07,1.10,2.13
2024-06-30 18:00:00,988531.55,0.37,297.30,0.39,2.71
2024-06-30 20:00:00,75929.40,0.12,294.39,-0.92,1.58
2024-06-30 22:00:00,0.00,0.14,291.07,-0.76,1.66
2024-07-01 06:00:00,194454.66,0.20,289.18,-1.74,0.50
2024-07-01 08:00:00,1256359.72,0.24,293.29,-2.44,-0.99
2024-07-01 10:00:00,2464890.92,0.37,296.91,-2.53,-0.40
2024-07-01 12:00:00,2962209.44,0.32,299.31,-3.01,0.48
2024-07-01 14:00:00,2878169.12,0.12,301.13,-2.93,0.96
2024-07-01 16:00:00,2330828.32,0.11,301.64,-3.04,1.17
2024-07-01 18:00:00,1235429.52,0.01,300.73,-3.23,0.82
2024-07-01 20:00:00,88160.12,0.00,297.41,-2.93,0.30
2024-07-01 22:00:00,0.00,0.00,294.01,-3.33,-0.57
2024-07-02 06:00:00,227339.97,0.01,288.52,-2.04,-0.89
2024-07-02 08:00:00,1488971.88,0.01,293.16,-2.13,-1.06
2024-07-02 10:00:00,2741832.00,0.00,297.48,-1.90,-0.73
2024-07-02 12:00:00,3452335.84,0.00,300.39,-2.28,-0.03
2024-07-02 14:00:00,3377245.44,0.00,302.68,-2.73,0.34
2024-07-02 16:00:00,2548330.24,0.00,303.44,-3.24,0.63
2024-07-02 18:00:00,1244900.36,0.00,302.50,-3.12,0.52
2024-07-02 20:00:00,87095.14,0.01,299.04,-2.72,0.14
2024-07-02 22:00:00,0.00,0.07,295.35,-3.11,-0.85
2024-07-03 06:00:00,227980.85,0.01,289.02,-1.23,-1.02
2024-07-03 08:00:00,1529262.16,0.10,295.01,-0.59,-0.84
2024-07-03 10:00:00,2796974.64,0.00,300.30,0.04,-0.21
2024-07-03 12:00:00,3498959.40,0.00,303.20,0.35,0.84
2024-07-03 14:00:00,3412526.44,0.00,305.11,-0.13,1.81
2024-07-03 16:00:00,2567724.12,0.00,306.08,-0.34,1.95
2024-07-03 18:00:00,1247902.60,0.00,305.44,-0.71,1.77
2024-07-03 20:00:00,86379.82,0.00,300.95,-0.71,0.84
2024-07-03 22:00:00,0.00,0.00,296.61,-1.22,0.65
2024-07-04 06:00:00,222199.47,0.00,292.43,-1.25,-1.17
2024-07-04 08:00:00,1499696.40,0.00,298.58,-0.83,-1.47
2024-07-04 10:00:00,2756714.60,0.00,303.83,-0.33,-0.81
2024-07-04 12:00:00,3465256.20,0.00,306.43,0.41,0.17
2024-07-04 14:00:00,3391200.96,0.00,308.05,0.30,0.54
2024-07-04 16:00:00,2561376.52,0.00,308.87,0.10,0.59
2024-07-04 18:00:00,1250325.84,0.00,308.17,-0.03,0.49
2024-07-04 20:00:00,85716.31,0.05,303.44,-0.75,0.33
2024-07-04 22:00:00,0.00,0.38,299.18,-0.45,-1.20
2024-07-05 06:00:00,218053.14,0.00,294.46,-0.02,-1.95
2024-07-05 08:00:00,1483892.88,0.01,299.02,0.93,-1.85
2024-07-05 10:00:00,2733362.36,0.14,303.35,1.31,-1.24
2024-07-05 12:00:00,3348965.80,0.18,306.61,1.80,-0.34
2024-07-05 14:00:00,3235022.52,0.24,308.79,2.21,0.83
2024-07-05 16:00:00,2041268.36,0.74,308.32,1.83,2.59
2024-07-05 18:00:00,832085.99,0.89,306.46,0.35,3.64
2024-07-05 20:00:00,71977.10,0.55,302.79,0.22,1.74
2024-07-05 22:00:00,0.00,0.38,298.88,-0.04,0.97
2024-07-06 06:00:00,202909.87,0.11,294.17,0.61,1.56
2024-07-06 08:00:00,1408317.80,0.27,297.77,0.42,2.73
2024-07-06 10:00:00,2553937.60,0.42,300.78,1.04,3.05
2024-07-06 12:00:00,3098043.00,0.38,302.34,0.51,3.68
2024-07-06 14:00:00,2704928.04,0.28,303.16,0.18,3.48
2024-07-06 16:00:00,2031378.20,0.48,302.59,-1.80,3.98
2024-07-06 18:00:00,842108.48,0.24,300.35,-2.99,1.32
2024-07-06 20:00:00,74287.40,0.23,296.89,-2.22,-1.22
2024-07-06 22:00:00,0.00,0.41,293.66,-1.88,-1.49
2024-07-07 06:00:00,199428.70,0.20,289.68,-1.42,-0.88
2024-07-07 08:00:00,1312021.61,0.22,293.76,0.08,-0.83
2024-07-07 10:00:00,2498819.64,0.21,297.67,1.31,0.87
2024-07-07 12:00:00,3296115.12,0.26,300.43,2.31,2.08
2024-07-07 14:00:00,3174931.56,0.17,302.30,2.01,2.66
2024-07-07 16:00:00,2488608.68,0.16,302.87,1.62,2.92
2024-07-07 18:00:00,1158726.41,0.05,301.95,1.11,2.96
2024-07-07 20:00:00,82636.79,0.11,298.26,0.73,1.94
2024-07-07 22:00:00,0.00,0.02,294.76,-0.24,1.72
2024-07-08 06:00:00,207696.21,0.68,289.57,0.22,-0.65
2024-07-08 08:00:00,1471629.32,0.76,295.69,1.35,-0.53
2024-07-08 10:00:00,2745028.64,0.61,300.20,2.04,0.74
2024-07-08 12:00:00,3471824.80,0.28,302.43,3.09,1.79
2024-07-08 14:00:00,3417103.80,0.27,304.15,3.12,2.32
2024-07-08 16:00:00,2581687.04,0.13,304.61,2.69,2.81
2024-07-08 18:00:00,1255612.88,0.00,303.66,2.17,3.12
2024-07-08 20:00:00,82136.93,0.00,299.69,0.75,2.01
2024-07-08 22:00:00,0.00,0.03,295.30,0.25,1.86
2024-07-09 06:00:00,187460.28,0.14,291.39,1.05,0.71
2024-07-09 08:00:00,1377644.44,0.23,296.50,1.71,1.38
2024-07-09 10:00:00,2614365.44,0.13,300.11,1.68,1.89
2024-07-09 12:00:00,3375998.32,0.61,302.46,3.24,2.39
2024-07-09 14:00:00,3334971.64,0.12,303.97,3.32,3.33
2024-07-09 16:00:00,2543482.40,0.07,304.57,2.72,3.99
2024-07-09 18:00:00,1200769.64,0.02,303.41,1.57,4.02
2024-07-09 20:00:00,78064.53,0.01,300.12,0.35,2.51
2024-07-09 22:00:00,0.00,0.01,296.31,-0.19,2.01
2024-07-10 06:00:00,190375.06,0.00,291.78,0.31,1.21
2024-07-10 08:00:00,1437734.68,0.00,296.58,0.79,1.24
2024-07-10 10:00:00,2702035.76,0.00,300.68,1.36,1.98
2024-07-10 12:00:00,3410310.56,0.09,303.32,1.56,3.30
2024-07-10 14:00:00,3327388.36,0.20,305.25,1.26,3.80
2024-07-10 16:00:00,2507025.52,0.13,306.34,0.97,3.25
2024-07-10 18:00:00,1190973.96,0.05,305.68,0.85,2.72
2024-07-10 20:00:00,75351.40,0.01,302.63,0.75,1.81
2024-07-10 22:00:00,0.00,0.01,298.93,0.49,1.16
2024-07-11 06:00:00,186244.15,0.00,293.72,0.39,0.68
2024-07-11 08:00:00,1423454.56,0.00,299.09,0.72,1.32
2024-07-11 10:00:00,2677554.60,0.00,303.36,2.75,2.59
2024-07-11 12:00:00,3387829.92,0.02,305.55,2.40,4.03
2024-07-11 14:00:00,3277133.56,0.05,307.04,1.83,4.71
2024-07-11 16:00:00,2481362.32,0.08,307.32,1.54,5.07
2024-07-11 18:00:00,1148040.56,0.06,305.57,0.85,4.88
2024-07-11 20:00:00,74023.79,0.01,302.01,0.32,3.19
2024-07-11 22:00:00,0.00,0.02,298.56,-0.17,2.43
2024-07-12 06:00:00,185024.93,0.01,291.78,-2.05,0.95
2024-07-12 08:00:00,1458581.44,0.01,296.57,-2.76,-0.00
2024-07-12 10:00:00,2692860.76,0.00,300.06,-1.05,-0.07
2024-07-12 12:00:00,3438423.20,0.00,302.22,-0.66,1.24
2024-07-12 14:00:00,3342381.68,0.00,304.15,-0.47,1.80
2024-07-12 16:00:00,2578016.88,0.00,304.84,-0.26,2.07
2024-07-12 18:00:00,1246549.88,0.00,304.18,-0.56,1.92
2024-07-12 20:00:00,75786.66,0.00,300.53,-0.91,0.95
2024-07-12 22:00:00,0.00,0.01,296.46,-1.25,-0.16
2024-07-13 06:00:00,179104.90,0.05,290.83,-0.43,-1.80
2024-07-13 08:00:00,1417235.88,0.03,295.61,1.41,-1.48
2024-07-13 10:00:00,2720920.20,0.07,300.37,1.97,-0.06
2024-07-13 12:00:00,3368743.84,0.17,303.23,2.83,1.97
2024-07-13 14:00:00,3385762.80,0.41,305.07,2.40,3.34
2024-07-13 16:00:00,2540565.68,0.62,305.41,2.07,3.93
2024-07-13 18:00:00,1052459.19,0.11,304.22,2.00,3.75
2024-07-13 20:00:00,71173.74,0.05,300.67,1.27,2.51
2024-07-13 22:00:00,0.00,0.62,296.71,1.34,2.84
2024-07-14 06:00:00,176985.89,0.00,291.20,1.36,1.25
2024-07-14 08:00:00,1443260.96,0.00,296.29,1.83,1.79
2024-07-14 10:00:00,2724915.20,0.00,300.37,2.39,2.55
2024-07-14 12:00:00,3456650.68,0.01,302.91,2.75,3.45
2024-07-14 14:00:00,3394305.92,0.01,304.49,2.62,3.98
2024-07-14 16:00:00,2559169.12,0.14,304.67,2.36,3.96
2024-07-14 18:00:00,1227488.56,0.10,303.54,2.19,3.78
2024-07-14 20:00:00,69304.39,0.03,300.10,1.36,2.49
2024-07-14 22:00:00,0.00,0.42,296.03,1.19,2.30
2024-07-15 06:00:00,164958.83,0.16,292.11,1.59,1.83
2024-07-15 08:00:00,1357215.88,0.40,296.04,2.18,2.67
2024-07-15 10:00:00,2522919.48,0.55,299.27,3.01,3.85
2024-07-15 12:00:00,3056397.96,0.40,301.08,2.79,5.32
2024-07-15 14:00:00,2866428.56,0.23,302.03,2.54,5.62
2024-07-15 16:00:00,2381978.96,0.05,302.24,2.20,5.31
2024-07-15 18:00:00,1193362.40,0.02,301.09,1.50,4.78
2024-07-15 20:00:00,68729.25,0.01,298.07,0.84,2.96
2024-07-15 22:00:00,0.00,0.00,294.81,-0.02,2.12
2024-07-16 06:00:00,170388.93,0.05,288.88,-1.11,0.35
2024-07-16 08:00:00,1449327.64,0.00,294.66,-1.08,-0.58
2024-07-16 10:00:00,2745410.00,0.00,298.85,0.96,0.58
2024-07-16 12:00:00,3488517.60,0.00,301.71,1.51,1.46
2024-07-16 14:00:00,3433917.68,0.16,303.82,1.51,1.97
2024-07-16 16:00:00,2583000.80,0.64,304.65,0.83,2.08
2024-07-16 18:00:00,1211250.16,0.31,303.92,0.12,1.54
2024-07-16 20:00:00,69089.21,0.13,299.63,-0.25,1.08
2024-07-16 22:00:00,0.00,0.08,295.57,-0.72,1.15
2024-07-17 06:00:00,161724.20,0.45,290.43,-0.41,-1.40
2024-07-17 08:00:00,1396552.32,0.80,296.33,1.13,-1.33
2024-07-17 10:00:00,2595238.04,0.85,301.20,1.41,-0.25
2024-07-17 12:00:00,3309024.08,0.61,304.70,1.87,1.20
2024-07-17 14:00:00,3386317.28,0.03,306.96,2.01,1.86
2024-07-17 16:00:00,2584967.64,0.00,307.71,1.79,2.11
2024-07-17 18:00:00,1244206.68,0.00,306.70,0.99,2.23
2024-07-17 20:00:00,66182.05,0.00,301.81,-0.02,1.50
2024-07-17 22:00:00,0.00,0.00,297.65,-0.08,0.82
2024-07-18 06:00:00,160419.53,0.00,292.73,-0.05,-0.80
2024-07-18 08:00:00,1421777.80,0.00,298.42,0.72,-0.42
2024-07-18 10:00:00,2698836.24,0.25,303.16,0.81,0.56
2024-07-18 12:00:00,3424126.84,0.66,306.24,1.28,1.36
2024-07-18 14:00:00,3242836.28,0.65,307.68,2.40,2.14
2024-07-18 16:00:00,2090848.88,0.65,307.05,3.30,2.46
2024-07-18 18:00:00,681812.55,0.85,305.58,3.00,2.05
2024-07-18 20:00:00,43545.30,0.95,302.63,2.01,1.07
2024-07-18 22:00:00,0.00,0.15,299.10,0.78,1.03
2024-07-19 06:00:00,155378.01,0.00,292.66,-0.05,-0.11
2024-07-19 08:00:00,1417915.96,0.00,299.92,0.25,0.13
2024-07-19 10:00:00,2700555.20,0.00,305.45,1.28,0.80
2024-07-19 12:00:00,3435003.72,0.03,308.07,1.59,2.74
2024-07-19 14:00:00,3351875.96,0.12,309.78,1.73,3.39
2024-07-19 16:00:00,2486591.92,0.20,309.95,1.53,3.65
2024-07-19 18:00:00,1187152.20,0.04,308.50,1.22,3.07
2024-07-19 20:00:00,60200.91,0.01,304.01,0.76,1.96
2024-07-19 22:00:00,0.00,0.01,299.46,-0.15,2.02
2024-07-20 06:00:00,150563.71,0.00,292.78,0.58,1.22
2024-07-20 08:00:00,1419670.68,0.00,298.98,1.11,2.15
2024-07-20 10:00:00,2700984.56,0.00,303.48,1.40,3.32
2024-07-20 12:00:00,3422792.12,0.03,305.55,1.36,4.23
2024-07-20 14:00:00,3340802.84,0.06,306.97,1.86,5.13
2024-07-20 16:00:00,2446547.96,0.63,306.31,1.69,5.87
2024-07-20 18:00:00,1127108.94,0.79,304.19,0.53,5.45
2024-07-20 20:00:00,50126.57,0.30,300.99,-0.80,4.13
2024-07-20 22:00:00,0.00,0.02,298.00,-1.27,3.44
2024-07-21 06:00:00,139930.38,0.09,291.39,-2.63,0.56
2024-07-21 08:00:00,1368338.36,0.04,294.96,-3.32,-0.00
2024-07-21 10:00:00,2679073.28,0.00,298.62,-3.06,-0.13
2024-07-21 12:00:00,3464246.84,0.00,301.29,-2.53,-0.00
2024-07-21 14:00:00,3406226.12,0.00,303.36,-2.28,0.48
2024-07-21 16:00:00,2564733.00,0.00,304.38,-2.68,0.60
2024-07-21 18:00:00,1217504.36,0.00,303.50,-3.43,0.07
2024-07-21 20:00:00,55550.45,0.09,299.58,-2.89,-0.57
2024-07-21 22:00:00,0.00,0.06,296.38,-3.22,-1.37
2024-07-22 06:00:00,141972.76,0.00,289.46,-1.97,-1.55
2024-07-22 08:00:00,1413218.92,0.00,295.38,-1.54,-1.95
2024-07-22 10:00:00,2715635.48,0.00,300.67,-1.15,-0.90
2024-07-22 12:00:00,3459941.68,0.00,304.03,-1.02,-0.67
2024-07-22 14:00:00,3401014.64,0.00,306.49,-0.97,-0.52
2024-07-22 16:00:00,2557297.68,0.00,307.55,-1.15,-0.54
2024-07-22 18:00:00,1209148.00,0.00,307.00,-1.26,-0.67
2024-07-22 20:00:00,53048.77,0.00,302.81,-0.82,-0.01
2024-07-22 22:00:00,0.00,0.00,298.70,-1.22,-1.17
2024-07-23 06:00:00,135091.10,0.00,293.27,-0.77,-1.73
2024-07-23 08:00:00,1387725.32,0.00,299.10,0.02,-1.73
2024-07-23 10:00:00,2670370.84,0.00,304.43,0.56,-0.95
2024-07-23 12:00:00,3400599.76,0.00,307.85,0.86,0.03
2024-07-23 14:00:00,3335089.24,0.00,309.88,0.38,0.81
2024-07-23 16:00:00,2498872.64,0.00,310.58,0.21,0.93
2024-07-23 18:00:00,1172030.12,0.00,309.65,0.14,0.94
2024-07-23 20:00:00,48571.77,0.00,304.89,0.22,1.14
2024-07-23 22:00:00,0.00,0.00,300.62,-1.20,1.10
2024-07-24 06:00:00,128366.16,0.00,295.39,-1.23,-1.08
2024-07-24 08:00:00,1365968.12,0.00,300.94,-0.29,-1.11
2024-07-24 10:00:00,2644500.84,0.00,306.60,0.19,0.59
2024-07-24 12:00:00,3377131.64,0.06,309.96,0.35,2.05
2024-07-24 14:00:00,3292113.80,0.10,311.53,0.10,2.98
2024-07-24 16:00:00,2421819.20,0.10,311.82,-0.19,3.08
2024-07-24 18:00:00,1074768.72,0.13,310.61,-0.32,2.82
2024-07-24 20:00:00,39951.36,0.18,306.20,-0.31,1.73
2024-07-24 22:00:00,0.00,0.28,302.12,-0.86,0.67
2024-07-25 06:00:00,125386.80,0.00,296.08,-1.22,-1.50
2024-07-25 08:00:00,1372063.80,0.01,301.42,-0.32,-1.85
2024-07-25 10:00:00,2660845.48,0.02,306.23,1.01,-0.33
2024-07-25 12:00:00,3303015.24,0.17,309.11,1.12,1.37
2024-07-25 14:00:00,3030938.60,0.26,310.74,1.24,1.40
2024-07-25 16:00:00,2442735.80,0.09,310.88,1.09,1.36
2024-07-25 18:00:00,1095096.39,0.13,309.80,0.81,1.45
2024-07-25 20:00:00,40505.00,0.14,304.92,-0.33,1.84
2024-07-25 22:00:00,0.00,0.34,301.82,-0.56,-0.12
2024-07-26 06:00:00,118599.22,0.08,295.23,-0.36,-2.22
2024-07-26 08:00:00,1307369.20,0.06,299.55,0.67,-2.18
2024-07-26 10:00:00,2581916.20,0.34,303.62,1.86,-1.36
2024-07-26 12:00:00,3316894.96,0.23,306.76,1.21,0.14
2024-07-26 14:00:00,2505119.92,0.38,308.47,-0.01,0.78
2024-07-26 16:00:00,1928234.76,0.41,309.07,0.52,1.02
2024-07-26 18:00:00,881603.62,0.57,307.98,0.59,1.82
2024-07-26 20:00:00,32605.02,0.53,304.17,-0.30,1.21
2024-07-26 22:00:00,0.00,0.44,301.31,1.20,-0.35
2024-07-27 06:00:00,110920.81,0.14,295.32,-0.01,-1.43
2024-07-27 08:00:00,1198831.44,0.11,299.76,0.77,-1.26
2024-07-27 10:00:00,2490902.52,0.19,304.32,1.03,-0.30
2024-07-27 12:00:00,3126294.76,0.20,307.61,1.48,0.41
2024-07-27 14:00:00,2710012.96,0.25,309.30,2.09,0.82
2024-07-27 16:00:00,2002460.40,0.19,309.67,2.19,0.78
2024-07-27 18:00:00,861464.34,0.19,308.53,1.60,0.60
2024-07-27 20:00:00,30393.63,0.35,304.89,-0.16,-0.21
2024-07-27 22:00:00,0.00,0.51,301.83,1.20,-1.18
2024-07-28 06:00:00,103132.85,0.08,295.89,0.07,-2.50
2024-07-28 08:00:00,1277584.80,0.05,300.20,0.57,-3.10
2024-07-28 10:00:00,2500778.08,0.01,304.60,1.10,-2.44
2024-07-28 12:00:00,3349083.68,0.05,307.99,2.08,-2.24
2024-07-28 14:00:00,3202593.60,0.11,309.71,2.64,-1.85
2024-07-28 16:00:00,2407763.04,0.18,310.17,2.91,-1.45
2024-07-28 18:00:00,805376.27,0.45,308.85,2.73,-1.45
2024-07-28 20:00:00,27503.88,0.82,305.34,2.37,-1.92
2024-07-28 22:00:00,0.00,0.91,302.69,2.99,-2.96
2024-07-29 06:00:00,95932.21,0.91,295.98,-0.09,-2.03
2024-07-29 08:00:00,805245.26,1.00,298.97,0.91,-1.32
2024-07-29 10:00:00,1859097.04,0.96,301.79,0.00,-0.45
2024-07-29 12:00:00,2133362.96,0.93,303.87,-0.57,-0.43
2024-07-29 14:00:00,2645543.20,0.61,306.33,0.76,-0.84
2024-07-29 16:00:00,2029004.80,0.65,307.34,0.69,-0.86
2024-07-29 18:00:00,790814.69,0.98,305.91,3.37,0.95
2024-07-29 20:00:00,16273.58,0.72,301.43,-0.55,-1.37
2024-07-29 22:00:00,0.00,0.68,298.58,-1.87,-1.59
2024-07-30 06:00:00,82598.60,0.34,296.26,0.87,-2.32
2024-07-30 08:00:00,1211501.64,0.09,299.91,1.58,-2.40
2024-07-30 10:00:00,2381623.88,0.30,304.34,2.59,-1.46
2024-07-30 12:00:00,3196864.24,0.07,307.43,3.78,-0.58
2024-07-30 14:00:00,3079319.20,0.10,309.60,4.07,1.61
2024-07-30 16:00:00,2174479.60,0.14,310.13,3.16,2.98
2024-07-30 18:00:00,934588.53,0.01,308.54,1.93,3.13
2024-07-30 20:00:00,30586.32,0.00,304.41,0.10,1.70
2024-07-30 22:00:00,0.00,0.00,299.98,-0.69,0.06
2024-07-31 06:00:00,97796.73,0.00,294.11,0.13,-0.04
2024-07-31 08:00:00,1330088.68,0.00,300.20,0.92,0.52
2024-07-31 10:00:00,2641289.14,0.00,304.77,1.59,1.65
2024-07-31 12:00:00,3396388.16,0.00,307.24,2.25,2.63
2024-07-31 14:00:00,3341566.12,0.00,308.77,1.88,3.02
2024-07-31 16:00:00,2490363.60,0.00,309.51,1.61,3.02
2024-07-31 18:00:00,1132904.56,0.00,308.31,1.43,2.82
2024-07-31 20:00:00,28720.63,0.00,303.82,0.94,1.86
2024-07-31 22:00:00,0.00,0.00,299.18,-0.08,1.84
2024-08-01 06:00:00,94689.99,0.00,292.86,-0.08,0.54
2024-08-01 08:00:00,1335074.32,0.00,299.32,0.11,0.52
2024-08-01 10:00:00,2647701.28,0.00,304.92,1.34,0.54
2024-08-01 12:00:00,3395571.24,0.00,307.55,1.89,1.82
2024-08-01 14:00:00,3309350.08,0.01,309.44,1.63,2.54
2024-08-01 16:00:00,2460891.84,0.09,309.79,1.54,3.03
2024-08-01 18:00:00,1031755.68,0.07,308.16,1.26,2.89
2024-08-01 20:00:00,25510.97,0.05,303.95,0.69,2.11
2024-08-01 22:00:00,0.00,0.05,300.25,0.19,1.89
2024-08-02 06:00:00,88399.23,0.10,293.42,-0.62,0.96
2024-08-02 08:00:00,1245141.36,0.20,297.94,-1.27,1.35
2024-08-02 10:00:00,2461832.00,0.26,301.62,-1.35,0.06
2024-08-02 12:00:00,3240599.84,0.14,303.73,-1.68,0.79
2024-08-02 14:00:00,2976954.56,0.23,304.82,-2.02,1.75
2024-08-02 16:00:00,2229679.68,0.23,305.75,-2.43,2.41
2024-08-02 18:00:00,984732.42,0.13,304.72,-2.73,2.00
2024-08-02 20:00:00,22527.50,0.02,301.24,-2.26,0.70
2024-08-02 22:00:00,0.00,0.15,298.61,-2.15,0.30
2024-08-03 06:00:00,83450.03,0.00,292.17,-1.74,-1.08
2024-08-03 08:00:00,1290748.04,0.00,297.32,-1.47,-1.31
2024-08-03 10:00:00,2589993.68,0.00,302.52,-0.70,-1.04
2024-08-03 12:00:00,3333397.52,0.00,305.63,-0.55,0.42
2024-08-03 14:00:00,3273267.68,0.01,307.54,-0.60,1.42
2024-08-03 16:00:00,2426114.08,0.04,308.06,-0.77,1.31
2024-08-03 18:00:00,1081032.58,0.04,307.12,-0.93,0.71
2024-08-03 20:00:00,20530.13,0.03,303.33,-1.13,0.27
2024-08-03 22:00:00,0.00,0.03,300.04,-2.00,-0.67
2024-08-04 06:00:00,79301.39,0.00,293.68,-1.46,-1.71
2024-08-04 08:00:00,1274783.28,0.00,298.84,-0.53,-2.02
2024-08-04 10:00:00,2563661.92,0.05,303.93,-0.28,-1.57
2024-08-04 12:00:00,3320094.90,0.11,307.37,0.60,-0.13
2024-08-04 14:00:00,3241506.56,0.11,309.22,0.99,1.58
2024-08-04 16:00:00,2260163.92,0.17,309.52,0.65,1.82
2024-08-04 18:00:00,1006912.89,0.44,308.40,0.19,1.61
2024-08-04 20:00:00,16675.90,0.31,304.00,-0.51,-0.05
2024-08-04 22:00:00,0.00,0.37,300.16,-1.49,-0.00
2024-08-05 06:00:00,75966.78,0.02,294.66,-0.49,-0.96
2024-08-05 08:00:00,1257835.76,0.01,300.41,0.44,-0.60
2024-08-05 10:00:00,2563433.64,0.01,305.23,0.36,0.59
2024-08-05 12:00:00,3299837.84,0.06,308.47,1.23,2.06
2024-08-05 14:00:00,3192919.16,0.18,309.85,1.58,3.05
2024-08-05 16:00:00,2376653.08,0.21,310.29,1.22,3.27
2024-08-05 18:00:00,891208.49,0.60,308.70,0.54,3.44
2024-08-05 20:00:00,14175.38,0.28,304.40,-0.64,1.36
2024-08-05 22:00:00,0.00,0.05,300.01,-0.78,1.23
2024-08-06 06:00:00,73649.44,0.00,293.90,-0.59,0.16
2024-08-06 08:00:00,1286223.00,0.00,299.84,-0.31,-0.10
2024-08-06 10:00:00,2598761.72,0.00,305.01,1.10,0.17
2024-08-06 12:00:00,3349164.76,0.00,308.04,1.72,1.95
2024-08-06 14:00:00,3274866.00,0.05,309.64,1.96,2.64
2024-08-06 16:00:00,2399803.64,0.18,309.74,1.44,2.98
2024-08-06 18:00:00,1000493.90,0.28,308.01,0.01,3.03
2024-08-06 20:00:00,14086.20,0.27,303.66,-0.65,2.02
2024-08-06 22:00:00,0.00,0.17,300.14,-1.14,1.06
2024-08-07 06:00:00,68801.94,0.03,294.08,-1.20,-0.35
2024-08-07 08:00:00,1262969.72,0.00,299.15,-0.93,-1.10
2024-08-07 10:00:00,2587749.84,0.00,304.30,0.12,-0.54
2024-08-07 12:00:00,3341828.76,0.02,307.61,1.25,0.69
2024-08-07 14:00:00,3260315.20,0.04,309.42,1.98,1.17
2024-08-07 16:00:00,2389392.96,0.05,309.90,1.73,1.55
2024-08-07 18:00:00,1047829.49,0.06,308.48,1.02,1.71
2024-08-07 20:00:00,12405.32,0.04,304.01,-0.15,1.29
2024-08-07 22:00:00,0.00,0.00,300.64,0.06,-0.46
2024-08-08 06:00:00,64808.78,0.00,294.10,-0.52,-1.66
2024-08-08 08:00:00,1253543.28,0.00,299.53,0.16,-1.91
2024-08-08 10:00:00,2560165.36,0.00,304.24,0.66,-1.09
2024-08-08 12:00:00,3289749.12,0.07,307.61,0.98,-0.28
2024-08-08 14:00:00,3199135.16,0.08,309.97,0.96,-0.03
2024-08-08 16:00:00,2216067.40,0.14,310.43,0.99,0.20
2024-08-08 18:00:00,978490.11,0.17,309.10,0.71,0.43
2024-08-08 20:00:00,10203.69,0.17,304.65,-0.29,1.00
2024-08-08 22:00:00,0.00,0.17,301.42,0.99,-0.39
2024-08-09 06:00:00,61132.68,0.10,295.26,-0.44,-1.80
2024-08-09 08:00:00,1157000.36,0.07,300.27,0.28,-2.30
2024-08-09 10:00:00,2446352.92,0.07,305.29,0.61,-1.94
2024-08-09 12:00:00,3173981.60,0.14,308.69,1.22,-1.75
2024-08-09 14:00:00,2971034.04,0.13,310.85,1.61,-1.23
2024-08-09 16:00:00,2215473.68,0.10,311.00,1.51,-1.20
2024-08-09 18:00:00,909118.35,0.11,309.68,1.20,-1.17
2024-08-09 20:00:00,8272.48,0.14,305.38,0.20,-0.88
2024-08-09 22:00:00,0.00,0.06,302.24,2.52,-2.24
2024-08-10 06:00:00,57842.53,0.09,295.89,-0.00,-2.36
2024-08-10 08:00:00,1148636.81,0.04,300.44,0.93,-2.80
2024-08-10 10:00:00,2512259.28,0.05,305.35,1.06,-1.33
2024-08-10 12:00:00,3257720.60,0.04,308.53,1.53,-2.43
2024-08-10 14:00:00,3229469.28,0.01,310.23,2.30,-2.92
2024-08-10 16:00:00,2385291.72,0.02,310.49,2.49,-2.69
2024-08-10 18:00:00,1002531.24,0.04,309.01,2.39,-2.50
2024-08-10 20:00:00,7566.33,0.18,304.67,1.21,-2.70
2024-08-10 22:00:00,0.00,0.36,302.18,3.84,-3.32
2024-08-11 06:00:00,54201.69,0.01,295.13,0.43,-2.13
2024-08-11 08:00:00,1227672.28,0.00,299.69,1.47,-2.48
2024-08-11 10:00:00,2534660.12,0.00,304.58,2.13,-1.96
2024-08-11 12:00:00,3243579.72,0.08,307.53,2.70,-1.45
2024-08-11 14:00:00,3118409.40,0.19,309.45,3.08,-0.88
2024-08-11 16:00:00,2199765.24,0.36,309.96,3.04,-0.17
2024-08-11 18:00:00,963548.70,0.14,308.80,2.02,0.37
2024-08-11 20:00:00,5997.06,0.03,304.46,-0.08,-0.16
2024-08-11 22:00:00,0.00,0.12,301.23,0.71,-1.09
2024-08-12 06:00:00,49773.54,0.02,294.60,0.25,0.35
2024-08-12 08:00:00,1209125.44,0.01,299.75,0.34,0.94
2024-08-12 10:00:00,2515027.64,0.05,304.28,1.23,1.17
2024-08-12 12:00:00,3204477.00,0.16,307.02,1.21,2.14
2024-08-12 14:00:00,3096555.40,0.35,308.62,1.31,2.35
2024-08-12 16:00:00,2148963.76,0.23,308.12,1.49,2.92
2024-08-12 18:00:00,699703.43,0.65,305.78,0.74,3.74
2024-08-12 20:00:00,4347.42,0.39,302.21,-0.54,2.34
2024-08-12 22:00:00,0.00,0.43,298.89,-0.16,0.54
2024-08-13 06:00:00,47494.67,0.02,292.95,-0.97,0.77
2024-08-13 08:00:00,1196354.40,0.54,297.27,-0.75,1.22
2024-08-13 10:00:00,2247127.16,0.97,300.52,0.72,2.19
2024-08-13 12:00:00,2808527.24,0.99,302.27,1.07,3.61
2024-08-13 14:00:00,1655224.88,0.80,301.51,0.19,4.18
2024-08-13 16:00:00,907850.42,0.93,300.60,-1.31,3.75
2024-08-13 18:00:00,503585.46,0.89,299.29,-2.20,1.89
2024-08-13 20:00:00,2952.71,0.64,297.08,-1.68,0.71
2024-08-13 22:00:00,0.00,0.37,295.06,-1.67,0.22
2024-08-14 06:00:00,40359.91,0.08,290.50,-1.99,-0.77
2024-08-14 08:00:00,1104002.10,0.08,294.62,-2.61,-1.43
2024-08-14 10:00:00,2256847.68,0.34,298.18,-2.15,-1.98
2024-08-14 12:00:00,2725901.40,0.27,300.36,-2.71,-0.21
2024-08-14 14:00:00,2525266.80,0.16,301.89,-2.99,-0.07
2024-08-14 16:00:00,1718400.80,0.11,302.27,-3.47,0.00
2024-08-14 18:00:00,905130.90,0.06,301.33,-3.63,-0.06
2024-08-14 20:00:00,2755.07,0.03,298.04,-2.99,-0.56
2024-08-14 22:00:00,0.00,0.07,294.96,-3.74,-1.34
2024-08-15 06:00:00,43674.08,0.00,286.78,-2.03,-1.29
2024-08-15 08:00:00,1234822.52,0.00,291.04,-2.44,-1.42
2024-08-15 10:00:00,2573559.68,0.00,295.99,-2.67,-1.37
2024-08-15 12:00:00,3334104.36,0.04,299.36,-2.60,-1.54
2024-08-15 14:00:00,3248408.72,0.00,302.18,-2.84,-1.14
2024-08-15 16:00:00,2350236.24,0.01,303.52,-3.09,-1.17
2024-08-15 18:00:00,958043.06,0.00,302.79,-2.64,-1.05
2024-08-15 20:00:00,2004.99,0.00,298.83,-2.01,-0.12
2024-08-15 22:00:00,0.00,0.00,295.59,-2.29,-0.82
2024-08-16 06:00:00,39675.43,0.00,289.04,-1.09,-0.81
2024-08-16 08:00:00,1210978.52,0.00,294.86,-1.02,-0.93
2024-08-16 10:00:00,2549153.04,0.00,299.72,-0.93,-0.01
2024-08-16 12:00:00,3311600.70,0.00,302.89,-1.66,0.16
2024-08-16 14:00:00,3236843.74,0.00,305.26,-2.21,0.19
2024-08-16 16:00:00,2346610.24,0.00,306.37,-2.40,0.18
2024-08-16 18:00:00,950102.55,0.00,305.31,-2.17,0.48
2024-08-16 20:00:00,1345.52,0.00,300.63,-1.50,1.32
2024-08-16 22:00:00,0.00,0.00,296.45,-1.73,0.41
2024-08-17 06:00:00,36633.19,0.22,290.78,-0.38,-0.84
2024-08-17 08:00:00,1164885.36,0.74,296.70,0.32,-0.84
2024-08-17 10:00:00,2428699.36,0.17,302.06,1.12,0.81
2024-08-17 12:00:00,3223275.56,0.39,305.61,1.17,2.42
2024-08-17 14:00:00,3134956.68,0.34,307.19,0.45,3.54
2024-08-17 16:00:00,2259813.56,0.16,307.86,-0.02,3.68
2024-08-17 18:00:00,889701.03,0.19,306.61,-0.48,3.27
2024-08-17 20:00:00,777.22,0.85,302.12,-0.36,2.24
2024-08-17 22:00:00,0.00,0.23,298.50,-0.29,2.63
2024-08-18 06:00:00,31306.42,0.01,293.06,-2.05,-0.10
2024-08-18 08:00:00,1135947.20,0.05,297.27,-2.72,-0.50
2024-08-18 10:00:00,2318374.48,0.07,301.54,-2.62,-0.39
2024-08-18 12:00:00,3132678.92,0.06,303.97,-2.17,0.53
2024-08-18 14:00:00,2981919.48,0.05,305.94,-2.54,1.26
2024-08-18 16:00:00,2175713.52,0.01,306.49,-2.72,1.00
2024-08-18 18:00:00,872376.57,0.00,305.31,-2.76,0.21
2024-08-18 20:00:00,396.28,0.00,301.83,-2.49,-0.40
2024-08-18 22:00:00,0.00,0.00,298.39,-2.87,-2.13
2024-08-19 06:00:00,30289.99,0.00,290.80,-1.50,-1.66
2024-08-19 08:00:00,1161846.92,0.00,295.25,-1.69,-1.56
2024-08-19 10:00:00,2490645.44,0.00,300.82,-0.74,-0.32
2024-08-19 12:00:00,3247864.00,0.00,303.93,-0.94,1.06
2024-08-19 14:00:00,3167257.92,0.00,306.33,-1.39,1.69
2024-08-19 16:00:00,2275216.24,0.01,307.04,-1.53,1.64
2024-08-19 18:00:00,888833.40,0.01,305.68,-1.64,0.92
2024-08-19 20:00:00,169.47,0.03,301.54,-1.41,0.37
2024-08-19 22:00:00,0.00,0.00,298.23,-1.32,-0.19
2024-08-20 06:00:00,28397.68,0.00,291.48,-0.99,-0.96
2024-08-20 08:00:00,1152387.72,0.00,296.97,-0.60,-1.33
2024-08-20 10:00:00,2469440.08,0.00,302.62,-0.24,-0.61
2024-08-20 12:00:00,3216311.58,0.00,306.12,-0.33,0.30
2024-08-20 14:00:00,3093957.76,0.07,307.95,-0.57,1.33
2024-08-20 16:00:00,2081540.80,0.15,308.47,-0.84,1.58
2024-08-20 18:00:00,793481.36,0.25,306.95,-1.53,1.30
2024-08-20 20:00:00,47.10,0.14,303.02,-1.75,0.60
2024-08-20 22:00:00,0.00,0.06,299.31,-2.37,-0.86
2024-08-21 06:00:00,25251.47,0.06,292.72,-2.07,-2.55
2024-08-21 08:00:00,1090928.85,0.05,296.92,-1.38,-3.25
2024-08-21 10:00:00,2388800.92,0.07,301.94,0.32,-2.51
2024-08-21 12:00:00,3136369.16,0.16,305.13,1.64,-1.13
2024-08-21 14:00:00,2466544.84,0.25,307.15,1.68,0.70
2024-08-21 16:00:00,1889758.88,0.43,307.50,1.18,2.03
2024-08-21 18:00:00,610966.72,0.56,305.93,0.95,1.47
2024-08-21 20:00:00,7.17,0.57,302.00,2.05,-0.94
2024-08-21 22:00:00,0.00,0.72,299.43,0.70,-0.78
2024-08-22 06:00:00,23216.32,0.47,293.71,-0.15,-0.69
2024-08-22 08:00:00,1015312.18,0.36,298.20,0.32,-0.10
2024-08-22 10:00:00,2313489.24,0.53,303.02,0.68,0.61
2024-08-22 12:00:00,2809471.84,0.24,306.11,0.60,2.40
2024-08-22 14:00:00,2563819.36,0.17,307.44,1.09,2.13
2024-08-22 16:00:00,1926670.36,0.62,307.81,1.37,2.75
2024-08-22 18:00:00,586736.42,0.57,305.43,1.35,2.00
2024-08-22 20:00:00,0.00,0.30,301.68,1.01,1.53
2024-08-22 22:00:00,0.00,0.07,298.01,0.03,1.72
2024-08-23 06:00:00,21564.62,0.00,291.75,-0.52,-0.24
2024-08-23 08:00:00,1123612.48,0.01,297.64,-0.23,-0.44
2024-08-23 10:00:00,2436365.12,0.25,303.34,0.27,-0.68
2024-08-23 12:00:00,3147517.16,0.24,306.58,0.92,0.97
2024-08-23 14:00:00,3052355.72,0.33,308.10,1.80,1.02
2024-08-23 16:00:00,2095800.32,0.43,307.69,3.01,-0.46
2024-08-23 18:00:00,731851.49,0.31,304.50,2.78,-1.42
2024-08-23 20:00:00,0.00,0.33,301.31,2.43,-2.00
2024-08-23 22:00:00,0.00,0.15,297.97,0.49,-0.82
2024-08-24 06:00:00,18612.49,0.09,293.12,0.86,-1.53
2024-08-24 08:00:00,989177.20,0.07,297.62,1.86,-0.87
2024-08-24 10:00:00,2326265.16,0.08,302.29,1.59,0.29
2024-08-24 12:00:00,3005554.76,0.09,305.37,1.87,2.07
2024-08-24 14:00:00,3049051.84,0.07,307.19,2.26,2.91
2024-08-24 16:00:00,2040615.28,0.19,307.35,1.80,3.16
2024-08-24 18:00:00,781218.37,0.15,305.53,0.62,3.00
2024-08-24 20:00:00,0.00,0.16,301.78,0.05,1.97
2024-08-24 22:00:00,0.00,0.05,298.46,-0.89,0.42
2024-08-25 06:00:00,17192.68,0.09,291.67,-3.13,-1.51
2024-08-25 08:00:00,1055258.96,0.03,295.14,-2.79,-2.43
2024-08-25 10:00:00,2403150.76,0.22,300.36,-0.19,-1.92
2024-08-25 12:00:00,3082170.60,0.19,303.71,0.27,-0.60
2024-08-25 14:00:00,2900729.80,0.13,306.09,0.72,1.07
2024-08-25 16:00:00,2072149.92,0.11,306.51,0.17,1.88
2024-08-25 18:00:00,721897.10,0.22,304.40,-0.77,0.66
2024-08-25 20:00:00,0.00,0.19,300.14,-0.64,-2.00
2024-08-25 22:00:00,0.00,0.35,296.92,-1.02,-1.26
2024-08-26 06:00:00,11410.32,0.56,292.93,-0.66,-1.61
2024-08-26 08:00:00,738424.75,0.45,295.46,-0.26,-1.74
2024-08-26 10:00:00,1883919.92,0.59,299.37,0.37,-1.57
2024-08-26 12:00:00,2900439.08,0.20,302.50,1.14,0.31
2024-08-26 14:00:00,2922846.24,0.22,305.14,0.77,1.67
2024-08-26 16:00:00,1987726.80,0.35,305.89,0.29,1.86
2024-08-26 18:00:00,728296.77,0.51,304.43,0.04,1.42
2024-08-26 20:00:00,0.00,0.75,300.43,-0.40,0.87
2024-08-26 22:00:00,0.00,0.85,298.29,-0.98,0.25
2024-08-27 06:00:00,13323.59,0.14,292.51,0.21,-1.21
2024-08-27 08:00:00,1037427.08,0.40,296.97,0.87,-0.60
2024-08-27 10:00:00,2313693.80,0.53,301.61,1.08,0.89
2024-08-27 12:00:00,3015029.12,0.21,304.95,1.36,2.65
2024-08-27 14:00:00,2959066.80,0.09,306.94,1.06,2.71
2024-08-27 16:00:00,2123252.72,0.15,307.38,0.97,2.46
2024-08-27 18:00:00,744585.38,0.10,305.74,1.10,1.99
2024-08-27 20:00:00,0.00,0.05,301.36,0.60,1.46
2024-08-27 22:00:00,0.00,0.02,297.91,-0.02,1.35
2024-08-28 06:00:00,12275.99,0.09,291.94,-0.03,-0.69
2024-08-28 08:00:00,1055224.26,0.27,297.41,0.90,-1.07
2024-08-28 10:00:00,2358193.32,0.28,302.70,2.19,-0.73
2024-08-28 12:00:00,3089370.88,0.09,306.02,3.19,0.13
2024-08-28 14:00:00,2954286.04,0.04,307.79,3.13,0.83
2024-08-28 16:00:00,2060195.84,0.11,308.07,2.71,1.28
2024-08-28 18:00:00,600880.38,0.78,306.73,2.50,1.19
2024-08-28 20:00:00,0.00,0.90,302.90,0.93,-0.42
2024-08-28 22:00:00,0.00,0.33,300.59,2.11,-0.97
2024-08-29 06:00:00,7183.78,0.81,293.02,0.50,-1.08
2024-08-29 08:00:00,666882.64,0.91,293.03,1.92,-2.00
2024-08-29 10:00:00,1469336.48,0.94,297.10,1.03,0.47
2024-08-29 12:00:00,2242334.92,0.79,299.45,1.11,-2.31
2024-08-29 14:00:00,2007799.96,0.90,299.57,2.61,-2.33
2024-08-29 16:00:00,1172998.37,0.57,299.18,2.43,-1.29
2024-08-29 18:00:00,431280.82,0.35,298.32,1.61,-1.44
2024-08-29 20:00:00,0.00,0.77,295.83,1.00,-2.29
2024-08-29 22:00:00,0.00,0.96,293.36,-1.50,-1.48
2024-08-30 06:00:00,8985.42,0.38,292.12,-0.39,-1.31
2024-08-30 08:00:00,804556.62,0.24,294.72,0.28,-2.39
2024-08-30 10:00:00,1716860.68,0.69,298.19,1.52,-2.21
2024-08-30 12:00:00,2584285.28,0.52,300.83,1.15,-1.93
2024-08-30 14:00:00,2063779.08,0.47,301.78,1.55,-1.65
2024-08-30 16:00:00,1556624.48,0.44,302.01,1.27,-0.81
2024-08-30 18:00:00,482978.72,0.75,299.49,0.11,-1.04
2024-08-30 20:00:00,0.00,0.88,296.54,0.72,-1.69
2024-08-30 22:00:00,0.00,0.75,293.89,-1.64,-1.99
2024-08-31 06:00:00,7073.65,0.39,291.62,-0.18,-1.90
2024-08-31 08:00:00,872604.73,0.76,293.74,0.93,-2.38
2024-08-31 10:00:00,1863472.12,0.96,296.83,1.32,-2.14
2024-08-31 12:00:00,2242047.60,0.98,298.88,0.14,-1.53
2024-08-31 14:00:00,2081463.64,0.93,299.71,0.61,-1.27
2024-08-31 16:00:00,1459696.56,0.41,300.14,0.75,-0.65
2024-08-31 18:00:00,450220.23,0.46,297.99,-0.21,-0.51
2024-08-31 20:00:00,0.00,0.54,295.56,-0.63,-1.30
2024-08-31 22:00:00,0.00,0.95,294.21,-0.42,-0.85
2024-09-01 06:00:00,6355.83,0.96,291.51,-0.73,-0.21
2024-09-01 08:00:00,654014.96,0.84,294.35,-0.00,-0.28
2024-09-01 10:00:00,1853417.36,0.86,297.45,0.65,0.21
2024-09-01 12:00:00,2265224.12,0.65,300.06,1.22,1.52
2024-09-01 14:00:00,2230987.20,0.59,301.72,1.05,2.37
2024-09-01 16:00:00,1669967.16,0.50,302.55,0.27,1.94
2024-09-01 18:00:00,492030.90,0.28,301.06,-0.03,1.27
2024-09-01 20:00:00,0.00,0.36,297.55,-0.69,0.36
2024-09-01 22:00:00,0.00,0.29,295.42,-1.36,-0.15
2024-09-02 06:00:00,5194.16,0.30,291.68,-0.34,-0.86
2024-09-02 08:00:00,616916.56,0.26,295.16,0.58,-1.22
2024-09-02 10:00:00,1896357.12,0.21,298.85,1.62,-0.56
2024-09-02 12:00:00,2738965.56,0.30,301.52,1.87,1.25
2024-09-02 14:00:00,2391497.72,0.22,302.91,1.74,2.10
2024-09-02 16:00:00,1598100.28,0.23,303.18,1.23,2.73
2024-09-02 18:00:00,551925.75,0.19,301.75,0.35,1.96
2024-09-02 20:00:00,0.00,0.35,297.54,-0.89,0.58
2024-09-02 22:00:00,0.00,0.58,294.91,0.17,-1.05
2024-09-03 06:00:00,4178.92,0.46,291.40,-0.74,-2.40
2024-09-03 08:00:00,788228.79,0.40,294.76,-0.13,-2.35
2024-09-03 10:00:00,2148571.68,0.20,298.25,1.58,-0.46
2024-09-03 12:00:00,2538957.72,0.27,300.92,2.05,0.81
2024-09-03 14:00:00,2114034.72,0.26,302.51,1.85,1.52
2024-09-03 16:00:00,1798590.56,0.25,302.63,0.92,2.03
2024-09-03 18:00:00,536240.11,0.25,300.20,-0.69,0.80
2024-09-03 20:00:00,0.00,0.27,296.32,-1.25,-1.53
2024-09-03 22:00:00,0.00,0.64,293.78,-1.24,-0.76
2024-09-04 06:00:00,2551.81,0.88,290.43,-3.03,-1.20
2024-09-04 08:00:00,539895.58,0.81,291.73,-3.32,-1.74
2024-09-04 10:00:00,1099606.70,0.57,294.53,-2.42,-2.45
2024-09-04 12:00:00,1922290.16,0.39,296.93,-2.57,-1.56
2024-09-04 14:00:00,2270230.12,0.37,298.62,-2.75,-0.52
2024-09-04 16:00:00,1762548.52,0.28,299.01,-3.12,-0.28
2024-09-04 18:00:00,558722.76,0.22,297.20,-2.88,-0.67
2024-09-04 20:00:00,0.00,0.14,294.29,-2.30,-1.48
2024-09-04 22:00:00,0.00,0.04,291.83,-2.37,-2.01
2024-09-05 06:00:00,2849.21,0.96,286.51,-1.41,-1.35
2024-09-05 08:00:00,747521.17,0.71,289.82,-1.29,-1.91
2024-09-05 10:00:00,2180334.00,0.51,294.11,0.11,-1.44
2024-09-05 12:00:00,2898054.96,0.84,296.99,1.15,0.67
2024-09-05 14:00:00,2515128.16,1.00,298.60,1.05,2.71
2024-09-05 16:00:00,1195209.80,0.99,298.64,0.63,2.61
2024-09-05 18:00:00,244420.67,1.00,297.14,-0.26,1.79
2024-09-05 20:00:00,0.00,0.97,294.92,-0.73,0.61
2024-09-05 22:00:00,0.00,0.70,292.36,0.11,0.80
2024-09-06 06:00:00,2109.40,0.17,287.75,0.45,1.33
2024-09-06 08:00:00,927427.42,0.15,290.51,0.50,1.75
2024-09-06 10:00:00,2140052.44,0.52,294.05,1.87,2.12
2024-09-06 12:00:00,2948115.12,0.47,296.40,2.85,3.15
2024-09-06 14:00:00,2783844.04,0.71,297.99,3.04,3.65
2024-09-06 16:00:00,1943272.48,0.54,298.23,3.38,3.79
2024-09-06 18:00:00,589314.39,0.03,296.13,1.97,3.47
2024-09-06 20:00:00,0.00,0.01,292.50,0.58,2.63
2024-09-06 22:00:00,0.00,0.07,289.42,0.04,1.70
2024-09-07 06:00:00,2207.68,0.00,283.53,0.29,0.88
2024-09-07 08:00:00,994976.06,0.00,288.74,0.83,1.49
2024-09-07 10:00:00,2333413.40,0.00,293.08,1.66,2.15
2024-09-07 12:00:00,3068060.32,0.00,295.88,1.78,2.45
2024-09-07 14:00:00,2940957.00,0.00,298.10,1.81,2.49
2024-09-07 16:00:00,1985378.56,0.56,298.64,1.74,2.64
2024-09-07 18:00:00,560528.46,0.95,296.95,1.37,2.08
2024-09-07 20:00:00,0.00,0.73,293.87,1.02,1.38
2024-09-07 22:00:00,0.00,0.21,291.77,0.98,1.81
2024-09-08 06:00:00,1611.22,0.12,285.93,0.52,1.12
2024-09-08 08:00:00,868011.66,0.13,290.77,0.16,1.54
2024-09-08 10:00:00,2194885.72,0.10,295.30,0.73,2.93
2024-09-08 12:00:00,2493959.16,0.21,297.49,0.85,3.58
2024-09-08 14:00:00,2227432.80,0.28,299.21,0.38,3.87
2024-09-08 16:00:00,1741246.32,0.05,299.55,-0.49,3.69
2024-09-08 18:00:00,543145.44,0.00,297.64,-0.81,2.39
2024-09-08 20:00:00,0.00,0.00,294.21,-1.14,1.44
2024-09-08 22:00:00,0.00,0.00,290.94,-1.01,0.72
2024-09-09 06:00:00,1203.15,0.00,285.01,-1.40,-0.50
2024-09-09 08:00:00,963466.46,0.00,290.37,-1.06,-0.75
2024-09-09 10:00:00,2295954.20,0.00,295.96,-0.11,0.10
2024-09-09 12:00:00,3028841.36,0.00,298.86,-0.34,0.88
2024-09-09 14:00:00,2897351.76,0.00,300.89,-0.50,0.97
2024-09-09 16:00:00,1942006.76,0.00,301.51,-0.50,0.75
2024-09-09 18:00:00,535676.09,0.00,299.81,-0.32,0.24
2024-09-09 20:00:00,0.00,0.00,295.68,-0.50,-0.03
2024-09-09 22:00:00,0.00,0.00,292.82,-0.71,-0.27
2024-09-10 06:00:00,840.15,0.00,286.34,-1.43,-1.04
2024-09-10 08:00:00,945010.95,0.00,291.28,-0.98,-1.11
2024-09-10 10:00:00,2269316.52,0.00,297.11,-0.60,-0.83
2024-09-10 12:00:00,2992984.84,0.00,300.49,-0.13,0.47
2024-09-10 14:00:00,2857030.24,0.03,302.53,-0.41,1.16
2024-09-10 16:00:00,1903924.60,0.13,302.89,-0.90,1.08
2024-09-10 18:00:00,511140.26,0.03,300.66,-1.01,0.32
2024-09-10 20:00:00,0.00,0.04,296.90,-1.43,0.42
2024-09-10 22:00:00,0.00,0.08,293.58,-1.40,0.86
2024-09-11 06:00:00,546.79,0.00,287.08,-2.05,-0.70
2024-09-11 08:00:00,935929.20,0.00,291.30,-2.21,-0.90
2024-09-11 10:00:00,2270230.08,0.11,296.54,-2.03,-0.52
2024-09-11 12:00:00,3003685.40,0.53,299.75,-2.16,0.46
2024-09-11 14:00:00,2858525.00,0.43,301.42,-2.53,1.56
2024-09-11 16:00:00,1864897.56,0.40,301.51,-3.13,1.48
2024-09-11 18:00:00,449852.52,0.20,298.67,-3.37,0.87
2024-09-11 20:00:00,0.00,0.02,295.51,-3.25,0.19
2024-09-11 22:00:00,0.00,0.68,292.88,-2.30,-0.21
2024-09-12 06:00:00,298.99,0.81,287.12,-1.51,0.51
2024-09-12 08:00:00,761371.56,0.88,291.24,-1.71,0.84
2024-09-12 10:00:00,1851550.76,0.93,295.48,-1.59,2.27
2024-09-12 12:00:00,2293404.84,0.88,298.02,-2.17,2.92
2024-09-12 14:00:00,1312918.88,0.83,299.24,-2.93,2.97
2024-09-12 16:00:00,1106979.30,0.59,299.23,-3.29,2.85
2024-09-12 18:00:00,354111.65,0.12,296.76,-3.63,0.30
2024-09-12 20:00:00,0.00,0.05,293.91,-3.73,-1.86
2024-09-12 22:00:00,0.00,0.07,291.40,-2.64,-1.57
2024-09-13 06:00:00,164.34,0.04,284.57,-2.98,-2.11
2024-09-13 08:00:00,902267.24,0.06,287.36,-3.80,-2.91
2024-09-13 10:00:00,2239312.48,0.02,291.01,-3.58,-3.26
2024-09-13 12:00:00,2971096.78,0.00,293.72,-3.10,-2.99
2024-09-13 14:00:00,2858284.56,0.00,295.94,-2.68,-3.04
2024-09-13 16:00:00,1889013.84,0.00,296.51,-2.16,-3.12
2024-09-13 18:00:00,473401.57,0.00,294.44,-2.14,-2.37
2024-09-13 20:00:00,0.00,0.00,291.06,-2.69,-2.65
2024-09-13 22:00:00,0.00,0.00,288.23,-2.85,-2.76
2024-09-14 06:00:00,85.50,0.09,284.15,-1.67,-2.11
2024-09-14 08:00:00,833812.98,0.09,287.90,-1.01,-2.37
2024-09-14 10:00:00,2209402.28,0.05,292.88,0.57,-2.08
2024-09-14 12:00:00,2940850.76,0.02,296.08,0.68,-0.92
2024-09-14 14:00:00,2775245.84,0.02,298.93,0.19,-0.09
2024-09-14 16:00:00,1832830.72,0.00,299.81,-0.14,0.18
2024-09-14 18:00:00,445521.56,0.00,297.97,-0.47,-0.14
2024-09-14 20:00:00,0.00,0.01,293.94,-1.08,-0.59
2024-09-14 22:00:00,0.00,0.01,290.08,-1.03,-0.79
2024-09-15 06:00:00,21.50,0.00,284.54,-0.94,-0.97
2024-09-15 08:00:00,902991.40,0.00,290.01,-0.79,-0.88
2024-09-15 10:00:00,2237744.88,0.00,296.30,-0.50,-0.91
2024-09-15 12:00:00,2965066.84,0.01,300.04,-0.98,-0.07
2024-09-15 14:00:00,2822035.60,0.05,302.29,-1.53,0.18
2024-09-15 16:00:00,1849127.40,0.00,302.88,-1.79,0.12
2024-09-15 18:00:00,437580.59,0.00,299.89,-1.35,0.01
2024-09-15 20:00:00,0.00,0.00,295.92,-1.87,0.14
2024-09-15 22:00:00,0.00,0.00,291.74,-2.52,-0.86
2024-09-16 06:00:00,2.56,0.00,284.21,-1.79,-0.89
2024-09-16 08:00:00,928992.17,0.01,289.85,-2.04,-1.03
2024-09-16 10:00:00,2283158.68,0.14,295.82,-2.36,-1.77
2024-09-16 12:00:00,3002275.12,0.21,299.54,-2.71,-1.80
2024-09-16 14:00:00,2826674.36,0.38,301.83,-3.33,-1.72
2024-09-16 16:00:00,1821360.12,0.30,302.25,-3.44,-1.51
2024-09-16 18:00:00,415314.47,0.57,299.08,-3.09,-1.42
2024-09-16 20:00:00,0.00,0.32,295.30,-3.86,-2.43
2024-09-16 22:00:00,0.00,0.00,292.16,-4.04,-2.84
2024-09-17 06:00:00,1.02,0.45,284.92,-2.94,-1.87
2024-09-17 08:00:00,867531.34,0.25,288.78,-3.09,-2.65
2024-09-17 10:00:00,2087312.24,0.02,294.02,-2.41,-2.77
2024-09-17 12:00:00,2917592.16,0.00,297.15,-0.95,-3.14
2024-09-17 14:00:00,2760912.96,0.00,299.15,0.28,-3.05
2024-09-17 16:00:00,1785448.12,0.00,299.72,0.39,-2.37
2024-09-17 18:00:00,394001.38,0.00,297.03,-0.28,-1.59
2024-09-17 20:00:00,0.00,0.02,293.94,-1.16,-2.05
2024-09-17 22:00:00,0.00,0.01,291.78,0.06,-2.99
2024-09-18 06:00:00,0.00,0.15,286.79,-0.61,-1.72
2024-09-18 08:00:00,665070.03,0.28,290.41,0.38,-1.82
2024-09-18 10:00:00,1837127.68,0.37,294.47,0.67,-0.73
2024-09-18 12:00:00,2179966.12,0.39,296.81,1.43,-0.39
2024-09-18 14:00:00,1826494.08,0.43,298.22,1.71,0.46
2024-09-18 16:00:00,1151852.89,0.36,298.66,1.62,0.29
2024-09-18 18:00:00,268192.87,0.33,296.45,1.41,-0.14
2024-09-18 20:00:00,0.00,0.37,293.19,0.45,-1.42
2024-09-18 22:00:00,0.00,0.42,291.40,1.98,-2.65
2024-09-19 06:00:00,0.00,0.58,287.90,-0.15,-1.49
2024-09-19 08:00:00,543310.62,0.59,289.67,0.82,-1.76
2024-09-19 10:00:00,1535106.60,0.83,292.65,1.19,-1.79
2024-09-19 12:00:00,2189093.68,0.93,293.83,1.96,-0.32
2024-09-19 14:00:00,1925557.04,0.86,294.57,2.01,0.20
2024-09-19 16:00:00,1098019.74,0.63,293.20,1.58,0.31
2024-09-19 18:00:00,234606.03,0.60,290.68,1.37,0.07
2024-09-19 20:00:00,0.00,0.74,289.18,1.65,-0.65
2024-09-19 22:00:00,0.00,0.78,288.19,-0.08,-0.86
2024-09-20 06:00:00,0.00,0.88,286.91,0.40,-0.94
2024-09-20 08:00:00,493718.97,0.94,287.81,1.36,-1.34
2024-09-20 10:00:00,1226049.87,0.95,289.46,1.68,-1.41
2024-09-20 12:00:00,1878802.88,0.80,292.07,1.78,-1.22
2024-09-20 14:00:00,1906166.80,0.45,293.81,1.78,-1.00
2024-09-20 16:00:00,1127783.35,0.35,294.13,2.30,-0.29
2024-09-20 18:00:00,259000.17,0.34,292.80,0.84,-0.42
2024-09-20 20:00:00,0.00,0.48,291.18,-0.75,-1.01
2024-09-20 22:00:00,0.00,0.77,290.33,0.01,-0.89
2024-09-21 06:00:00,0.00,0.96,289.41,1.59,-0.99
2024-09-21 08:00:00,141410.53,0.97,289.72,1.91,-0.84
2024-09-21 10:00:00,457741.54,0.93,291.23,2.40,-0.05
2024-09-21 12:00:00,978798.79,0.74,292.86,2.61,0.81
2024-09-21 14:00:00,1774241.50,0.50,294.25,2.51,1.87
2024-09-21 16:00:00,1147916.03,0.51,294.42,1.85,3.04
2024-09-21 18:00:00,235098.60,0.46,292.67,0.44,2.47
2024-09-21 20:00:00,0.00,0.35,290.89,0.13,1.44
2024-09-21 22:00:00,0.00,0.53,289.29,0.53,1.02
2024-09-22 06:00:00,0.00,0.38,285.65,0.44,0.59
2024-09-22 08:00:00,677033.06,0.32,288.51,0.57,0.78
2024-09-22 10:00:00,1682485.84,0.56,292.49,1.01,1.15
2024-09-22 12:00:00,2023947.32,0.50,294.62,1.35,1.96
2024-09-22 14:00:00,2000891.84,0.81,295.99,1.45,2.79
2024-09-22 16:00:00,1219263.28,0.97,295.51,0.84,3.04
2024-09-22 18:00:00,234624.01,0.86,293.25,-0.03,1.78
2024-09-22 20:00:00,0.00,0.59,290.99,-0.27,1.29
2024-09-22 22:00:00,0.00,0.44,288.86,0.03,0.74
2024-09-23 06:00:00,0.00,0.24,284.47,-0.57,0.81
2024-09-23 08:00:00,640107.21,0.21,287.67,-0.52,0.72
2024-09-23 10:00:00,1764206.68,0.28,292.23,-0.12,0.35
2024-09-23 12:00:00,2178131.00,0.54,294.47,1.09,2.22
2024-09-23 14:00:00,2022599.92,0.50,295.77,1.08,2.69
2024-09-23 16:00:00,1319292.56,0.32,296.01,1.12,2.55
2024-09-23 18:00:00,285821.04,0.22,293.49,1.18,1.44
2024-09-23 20:00:00,0.00,0.58,290.81,0.99,1.91
2024-09-23 22:00:00,0.00,0.40,288.27,0.07,2.11
2024-09-24 06:00:00,0.00,0.96,284.51,0.09,0.85
2024-09-24 08:00:00,473898.74,1.00,287.15,0.16,0.75
2024-09-24 10:00:00,1420472.24,0.99,291.14,1.07,1.70
2024-09-24 12:00:00,1781887.12,0.99,293.08,1.53,2.95
2024-09-24 14:00:00,1762954.32,0.86,293.57,1.26,3.83
2024-09-24 16:00:00,1237772.49,0.58,293.20,1.62,3.91
2024-09-24 18:00:00,147999.14,0.87,291.28,1.53,3.01
2024-09-24 20:00:00,0.00,0.70,289.92,1.54,2.95
2024-09-24 22:00:00,0.00,1.00,288.89,1.22,2.44
2024-09-25 06:00:00,0.00,0.95,287.94,2.01,1.20
2024-09-25 08:00:00,339706.08,0.95,288.91,2.50,1.57
2024-09-25 10:00:00,845831.15,1.00,290.75,3.40,2.78
2024-09-25 12:00:00,1013117.14,1.00,292.52,3.32,4.04
2024-09-25 14:00:00,1106525.37,1.00,294.03,3.24,4.12
2024-09-25 16:00:00,549002.74,0.98,294.77,3.73,3.77
2024-09-25 18:00:00,143452.91,0.94,293.60,3.98,2.90
2024-09-25 20:00:00,0.00,0.95,292.82,3.65,2.67
2024-09-25 22:00:00,0.00,0.80,292.64,3.42,3.61
2024-09-26 06:00:00,0.00,0.87,290.27,4.32,3.49
2024-09-26 08:00:00,444597.03,0.72,291.10,4.73,4.50
2024-09-26 10:00:00,1268307.00,0.62,293.37,4.95,6.77
2024-09-26 12:00:00,1812034.77,0.95,294.31,3.90,6.65
2024-09-26 14:00:00,1116392.00,0.98,294.30,3.86,5.93
2024-09-26 16:00:00,762079.96,0.46,293.46,2.88,5.39
2024-09-26 18:00:00,188341.41,0.39,291.95,2.33,3.94
2024-09-26 20:00:00,0.00,0.18,290.45,1.70,3.40
2024-09-26 22:00:00,0.00,0.15,289.21,0.84,3.26
2024-09-27 06:00:00,0.00,0.16,284.73,0.48,2.31
2024-09-27 08:00:00,666616.32,0.36,286.90,-0.30,3.55
2024-09-27 10:00:00,1854529.68,0.29,289.89,-0.90,3.67
2024-09-27 12:00:00,2413603.44,0.36,291.67,-1.02,4.57
2024-09-27 14:00:00,2312724.04,0.42,292.75,-1.77,4.54
2024-09-27 16:00:00,1400789.68,0.32,291.84,-2.64,3.85
2024-09-27 18:00:00,204175.12,0.20,289.55,-2.91,1.88
2024-09-27 20:00:00,0.00,0.15,287.35,-2.64,0.74
2024-09-27 22:00:00,0.00,0.06,284.55,-2.07,0.27
2024-09-28 06:00:00,0.00,0.13,279.75,-1.71,-0.84
2024-09-28 08:00:00,757845.70,0.17,283.67,-1.88,-1.38
2024-09-28 10:00:00,2081944.20,0.01,288.52,-2.25,-1.95
2024-09-28 12:00:00,2781098.88,0.00,291.12,-1.89,-1.65
2024-09-28 14:00:00,2594241.28,0.00,292.98,-1.26,-1.46
2024-09-28 16:00:00,1554557.72,0.00,293.42,-0.49,-1.46
2024-09-28 18:00:00,220511.36,0.00,291.42,-0.55,-1.07
2024-09-28 20:00:00,0.00,0.02,287.56,-0.67,-0.84
2024-09-28 22:00:00,0.00,0.01,284.63,-1.17,-0.79
2024-09-29 06:00:00,0.00,0.00,280.96,-0.10,-1.11
2024-09-29 08:00:00,719026.75,0.09,285.21,0.13,-0.83
2024-09-29 10:00:00,1994085.08,0.11,290.81,0.62,-0.11
2024-09-29 12:00:00,2680140.00,0.16,294.50,1.05,0.47
2024-09-29 14:00:00,2501091.08,0.03,296.94,1.27,0.91
2024-09-29 16:00:00,1519245.00,0.00,297.56,1.15,1.22
2024-09-29 18:00:00,200387.74,0.00,294.35,0.98,0.72
2024-09-29 20:00:00,0.00,0.00,290.75,0.90,0.69
2024-09-29 22:00:00,0.00,0.00,288.35,-0.40,0.33
2024-09-30 06:00:00,0.00,0.00,282.16,-0.51,-0.64
2024-09-30 08:00:00,720578.44,0.00,287.38,-0.48,-0.51
2024-09-30 10:00:00,2012215.84,0.00,294.38,0.71,-0.23
2024-09-30 12:00:00,2698094.06,0.00,298.25,1.04,0.49
2024-09-30 14:00:00,2510995.08,0.00,300.32,0.80,0.60
2024-09-30 16:00:00,1516195.56,0.00,300.70,0.97,0.61
2024-09-30 18:00:00,189981.05,0.00,296.78,1.08,0.67
2024-09-30 20:00:00,0.00,0.00,293.46,0.78,0.87
2024-09-30 22:00:00,0.00,0.00,290.26,-0.09,0.36
2024-10-01 06:00:00,0.00,0.89,284.62,-0.01,-0.28
2024-10-01 08:00:00,472267.43,0.97,287.72,0.10,-0.06
2024-10-01 10:00:00,1209764.66,0.88,292.93,0.54,0.82
2024-10-01 12:00:00,2326199.96,0.43,297.29,0.15,2.51
2024-10-01 14:00:00,2227470.04,0.14,299.90,0.07,3.06
2024-10-01 16:00:00,1370652.12,0.19,299.97,-0.06,3.31
2024-10-01 18:00:00,133557.04,0.09,296.52,0.24,1.95
2024-10-01 20:00:00,0.00,0.43,293.82,0.17,2.22
2024-10-01 22:00:00,0.00,0.37,291.71,-0.16,2.66
2024-10-02 06:00:00,0.00,0.91,289.08,0.43,1.53
2024-10-02 08:00:00,478232.49,0.96,291.29,0.66,1.92
2024-10-02 10:00:00,1407105.62,0.92,294.81,0.19,2.27
2024-10-02 12:00:00,1534542.20,0.98,296.04,1.22,3.88
2024-10-02 14:00:00,661371.86,1.00,296.02,1.72,5.22
2024-10-02 16:00:00,326351.58,1.00,294.48,1.75,5.77
2024-10-02 18:00:00,31642.60,1.00,292.92,1.70,5.11
2024-10-02 20:00:00,0.00,0.98,292.39,0.75,4.93
2024-10-02 22:00:00,0.00,0.72,291.71,0.10,2.99
2024-10-03 06:00:00,0.00,0.32,286.67,-1.50,1.03
2024-10-03 08:00:00,576003.09,0.26,288.86,-1.91,0.57
2024-10-03 10:00:00,1732134.60,0.15,292.24,-1.04,0.47
2024-10-03 12:00:00,2280408.48,0.36,294.40,-1.91,2.12
2024-10-03 14:00:00,2085926.56,0.22,295.93,-2.49,2.17
2024-10-03 16:00:00,1299354.12,0.33,295.75,-2.79,2.41
2024-10-03 18:00:00,138261.90,0.11,292.49,-2.05,0.88
2024-10-03 20:00:00,0.00,0.08,290.22,-1.99,-0.02
2024-10-03 22:00:00,0.00,0.50,287.56,-1.12,-0.32
2024-10-04 06:00:00,0.00,0.31,283.39,-0.81,-0.58
2024-10-04 08:00:00,571142.72,0.63,286.94,-0.55,-0.51
2024-10-04 10:00:00,1644158.08,0.92,291.98,-0.03,0.86
2024-10-04 12:00:00,2178688.88,0.99,294.67,0.08,1.43
2024-10-04 14:00:00,1675952.16,0.92,295.86,-0.11,2.02
2024-10-04 16:00:00,848430.03,0.64,296.11,-0.20,2.16
2024-10-04 18:00:00,91482.42,0.42,293.64,-0.14,1.20
2024-10-04 20:00:00,0.00,0.38,290.25,-0.12,0.86
2024-10-04 22:00:00,0.00,0.27,288.15,-0.55,1.01
2024-10-05 06:00:00,0.00,0.17,283.74,-0.34,0.15
2024-10-05 08:00:00,599240.07,0.20,287.45,0.32,0.08
2024-10-05 10:00:00,1821094.80,0.47,292.78,0.58,2.20
2024-10-05 12:00:00,2298874.12,0.67,296.00,0.92,3.16
2024-10-05 14:00:00,1529770.94,0.96,297.58,1.13,3.50
2024-10-05 16:00:00,618649.83,0.83,296.76,1.57,3.97
2024-10-05 18:00:00,91742.63,0.77,294.80,1.69,2.87
2024-10-05 20:00:00,0.00,0.59,293.64,1.78,2.92
2024-10-05 22:00:00,0.00,0.77,292.03,1.82,3.14
2024-10-06 06:00:00,0.00,0.65,289.47,2.15,1.88
2024-10-06 08:00:00,463836.16,0.85,290.51,2.80,2.31
2024-10-06 10:00:00,1329736.46,0.96,292.59,2.51,3.86
2024-10-06 12:00:00,1776935.80,0.96,294.15,3.14,3.76
2024-10-06 14:00:00,1847973.40,0.92,295.20,3.86,3.90
2024-10-06 16:00:00,1161814.25,0.89,295.36,3.68,2.98
2024-10-06 18:00:00,100773.70,0.78,293.57,2.43,2.22
2024-10-06 20:00:00,0.00,0.84,292.05,2.25,1.39
2024-10-06 22:00:00,0.00,0.98,290.71,2.18,0.70
2024-10-07 06:00:00,0.00,0.98,288.35,2.33,-0.18
2024-10-07 08:00:00,364866.06,0.96,289.86,3.06,-0.31
2024-10-07 10:00:00,1331643.51,0.98,292.84,3.84,1.40
2024-10-07 12:00:00,1325703.20,0.99,294.22,5.80,2.45
2024-10-07 14:00:00,1467256.06,1.00,293.00,3.77,3.12
2024-10-07 16:00:00,397221.36,1.00,288.28,2.21,2.01
2024-10-07 18:00:00,38324.80,0.92,286.93,1.95,1.75
2024-10-07 20:00:00,0.00,0.77,286.37,2.06,2.42
2024-10-07 22:00:00,0.00,0.53,286.08,1.00,2.08
2024-10-08 06:00:00,0.00,1.00,284.81,2.00,2.14
2024-10-08 08:00:00,296612.17,0.94,286.23,2.51,3.44
2024-10-08 10:00:00,818873.01,0.99,287.94,2.67,5.34
2024-10-08 12:00:00,1046744.03,0.93,289.14,2.84,5.16
2024-10-08 14:00:00,968009.06,0.94,289.66,3.18,5.06
2024-10-08 16:00:00,443905.21,0.98,289.98,3.01,3.65
2024-10-08 18:00:00,39559.77,1.00,288.74,3.13,2.45
2024-10-08 20:00:00,0.00,0.97,288.54,3.62,2.41
2024-10-08 22:00:00,0.00,0.95,288.26,3.47,3.48
2024-10-09 06:00:00,0.00,0.75,287.40,5.71,1.31
2024-10-09 08:00:00,257084.31,0.97,288.05,6.74,1.11
2024-10-09 10:00:00,549961.75,0.95,289.73,6.71,3.89
2024-10-09 12:00:00,812818.37,1.00,290.97,6.63,3.13
2024-10-09 14:00:00,880997.02,0.94,292.05,6.43,4.79
2024-10-09 16:00:00,673003.21,0.51,292.45,4.67,6.16
2024-10-09 18:00:00,58812.39,0.57,290.61,2.06,5.62
2024-10-09 20:00:00,0.00,0.57,288.97,0.37,4.88
2024-10-09 22:00:00,0.00,0.42,287.57,0.19,4.22
2024-10-10 06:00:00,0.00,0.66,282.89,-0.83,2.05
2024-10-10 08:00:00,512524.57,0.42,284.54,-0.95,1.98
2024-10-10 10:00:00,1642094.92,0.48,287.63,-0.05,0.64
2024-10-10 12:00:00,2382875.32,0.63,289.85,0.30,1.79
2024-10-10 14:00:00,2230651.32,0.53,291.41,0.22,2.46
2024-10-10 16:00:00,1197213.72,0.59,291.54,0.25,2.48
2024-10-10 18:00:00,75039.19,0.12,288.50,0.61,1.41
2024-10-10 20:00:00,0.00,0.32,285.89,0.81,1.21
2024-10-10 22:00:00,0.00,0.67,283.15,-0.08,0.07
2024-10-11 06:00:00,0.00,0.85,280.08,-0.04,-1.01
2024-10-11 08:00:00,386160.77,0.97,282.81,0.22,-0.97
2024-10-11 10:00:00,675786.93,0.81,287.26,1.34,-1.47
2024-10-11 12:00:00,1754099.04,0.87,290.47,3.17,-0.94
2024-10-11 14:00:00,1548819.96,0.99,291.24,3.73,-0.25
2024-10-11 16:00:00,441781.90,0.98,290.43,2.91,-0.88
2024-10-11 18:00:00,25301.69,1.00,289.12,2.12,-0.54
2024-10-11 20:00:00,0.00,1.00,288.71,2.15,-0.91
2024-10-11 22:00:00,0.00,1.00,288.34,2.41,-0.76
2024-10-12 06:00:00,0.00,1.00,288.23,2.72,-0.93
2024-10-12 08:00:00,81549.10,1.00,288.39,2.59,-0.69
2024-10-12 10:00:00,273969.06,1.00,288.31,2.70,-0.16
2024-10-12 12:00:00,557369.60,1.00,288.93,3.72,0.34
2024-10-12 14:00:00,679664.02,1.00,289.54,3.73,-0.69
2024-10-12 16:00:00,441984.36,1.00,289.56,3.25,0.09
2024-10-12 18:00:00,30144.58,0.99,288.87,1.08,-0.56
2024-10-12 20:00:00,0.00,0.99,288.31,1.41,-0.77
2024-10-12 22:00:00,0.00,0.78,287.52,1.15,-0.69
2024-10-13 06:00:00,0.00,0.85,285.83,-0.88,-1.39
2024-10-13 08:00:00,347129.73,0.95,287.79,-0.70,-1.58
2024-10-13 10:00:00,1422667.10,0.92,290.83,0.14,-1.75
2024-10-13 12:00:00,1850224.48,0.75,292.97,1.10,-1.03
2024-10-13 14:00:00,1681207.08,0.70,294.02,1.25,-0.25
2024-10-13 16:00:00,652735.46,0.58,294.27,0.35,-0.27
2024-10-13 18:00:00,40732.58,0.45,292.08,-0.68,0.49
2024-10-13 20:00:00,0.00,0.62,290.76,-0.75,0.38
2024-10-13 22:00:00,0.00,0.65,289.32,-1.12,-0.08
2024-10-14 06:00:00,0.00,0.45,286.49,-0.92,-1.09
2024-10-14 08:00:00,428347.06,0.74,288.00,-1.13,-1.48
2024-10-14 10:00:00,936650.68,0.86,290.75,-0.89,-1.92
2024-10-14 12:00:00,1157609.01,0.88,292.59,-0.54,-2.52
2024-10-14 14:00:00,1109396.38,0.87,293.88,0.33,-2.61
2024-10-14 16:00:00,588038.12,0.90,294.32,0.52,-1.58
2024-10-14 18:00:00,26325.30,0.91,292.60,0.23,-1.16
2024-10-14 20:00:00,0.00,0.88,291.29,-0.05,-1.83
2024-10-14 22:00:00,0.00,0.93,291.07,0.38,-2.27
2024-10-15 06:00:00,0.00,0.75,289.82,3.49,-2.50
2024-10-15 08:00:00,232444.08,0.78,289.99,3.46,-2.37
2024-10-15 10:00:00,657024.16,0.75,290.51,4.28,-1.28
2024-10-15 12:00:00,1335370.25,0.87,290.47,5.00,1.13
2024-10-15 14:00:00,1011751.35,0.87,289.80,3.61,1.78
2024-10-15 16:00:00,693073.31,0.85,289.63,3.08,1.12
2024-10-15 18:00:00,31513.41,0.95,288.83,2.44,-0.05
2024-10-15 20:00:00,0.00,0.99,288.58,2.80,-0.93
2024-10-15 22:00:00,0.00,0.99,288.33,3.58,-2.14
2024-10-16 06:00:00,0.00,0.99,288.50,5.62,0.32
2024-10-16 08:00:00,103345.87,1.00,288.83,4.63,1.68
2024-10-16 10:00:00,476231.32,0.88,290.52,3.59,2.51
2024-10-16 12:00:00,977738.07,0.46,292.58,3.23,3.46
2024-10-16 14:00:00,1382938.60,0.41,293.76,3.51,3.44
2024-10-16 16:00:00,890279.07,0.46,293.52,3.66,2.93
2024-10-16 18:00:00,31896.29,0.59,290.90,2.80,2.64
2024-10-16 20:00:00,0.00,0.80,289.50,2.78,1.90
2024-10-16 22:00:00,0.00,0.87,288.15,2.20,1.73
2024-10-17 06:00:00,0.00,0.99,283.92,1.34,3.63
2024-10-17 08:00:00,172933.41,0.99,283.81,1.11,3.96
2024-10-17 10:00:00,589392.44,0.92,285.27,0.67,4.44
2024-10-17 12:00:00,1440581.39,0.69,286.93,-1.17,5.32
2024-10-17 14:00:00,1605576.60,0.32,288.35,-2.47,5.35
2024-10-17 16:00:00,898831.53,0.38,288.24,-1.67,4.76
2024-10-17 18:00:00,29926.70,0.30,286.28,-0.68,3.52
2024-10-17 20:00:00,0.00,0.28,285.05,-0.82,2.87
2024-10-17 22:00:00,0.00,0.59,284.00,-0.77,1.92
2024-10-18 06:00:00,0.00,0.31,279.77,-0.51,1.61
2024-10-18 08:00:00,444613.83,0.32,282.28,-0.80,1.68
2024-10-18 10:00:00,1657876.72,0.09,285.65,-0.33,1.60
2024-10-18 12:00:00,2322876.80,0.22,287.90,-0.46,2.38
2024-10-18 14:00:00,2082167.44,0.56,289.56,-1.40,2.58
2024-10-18 16:00:00,964779.99,0.84,289.33,-1.23,2.33
2024-10-18 18:00:00,23948.84,1.00,286.72,-0.20,1.56
2024-10-18 20:00:00,0.00,1.00,286.27,-0.19,1.29
2024-10-18 22:00:00,0.00,1.00,285.97,0.39,0.98
2024-10-19 06:00:00,0.00,1.00,284.54,0.53,0.59
2024-10-19 08:00:00,291736.72,0.78,285.73,0.28,0.70
2024-10-19 10:00:00,1379440.68,0.98,289.43,0.03,1.42
2024-10-19 12:00:00,2026371.12,0.94,291.89,0.39,2.32
2024-10-19 14:00:00,1573317.44,0.97,293.22,0.19,3.28
2024-10-19 16:00:00,817741.32,1.00,292.25,0.75,2.51
2024-10-19 18:00:00,20860.43,0.95,289.95,0.63,1.98
2024-10-19 20:00:00,0.00,0.20,288.28,0.51,1.81
2024-10-19 22:00:00,0.00,0.85,287.03,0.25,0.89
2024-10-20 06:00:00,0.00,0.94,284.22,0.35,-0.00
2024-10-20 08:00:00,308626.78,0.98,285.88,0.51,-0.03
2024-10-20 10:00:00,1444743.48,0.98,290.12,-0.16,0.10
2024-10-20 12:00:00,1955867.80,0.96,292.43,0.42,0.48
2024-10-20 14:00:00,1679092.36,0.94,293.78,0.49,1.07
2024-10-20 16:00:00,910852.68,0.81,293.94,0.72,0.78
2024-10-20 18:00:00,23772.54,0.78,290.70,0.91,0.03
2024-10-20 20:00:00,0.00,0.95,288.84,0.79,-0.49
2024-10-20 22:00:00,0.00,0.77,286.92,-0.39,-0.48
2024-10-21 06:00:00,0.00,0.28,283.13,-0.15,-0.65
2024-10-21 08:00:00,417968.24,0.18,285.30,-0.12,-0.81
2024-10-21 10:00:00,1630330.04,0.03,290.38,0.53,-0.86
2024-10-21 12:00:00,2258071.32,0.01,293.56,0.89,-0.27
2024-10-21 14:00:00,2038630.36,0.09,295.42,0.22,0.21
2024-10-21 16:00:00,1052426.82,0.19,295.43,-0.23,0.20
2024-10-21 18:00:00,21109.11,0.21,291.80,-0.50,0.70
2024-10-21 20:00:00,0.00,0.52,289.31,-1.36,0.35
2024-10-21 22:00:00,0.00,0.75,287.08,-1.19,-0.56
2024-10-22 06:00:00,0.00,0.62,285.25,-1.52,-1.99
2024-10-22 08:00:00,342579.98,0.67,286.93,-1.52,-2.50
2024-10-22 10:00:00,1291776.60,0.69,290.36,-0.86,-1.99
2024-10-22 12:00:00,1795424.56,0.70,292.69,-0.22,-2.24
2024-10-22 14:00:00,1418316.86,0.61,293.94,0.14,-1.96
2024-10-22 16:00:00,776981.64,0.43,293.86,-0.21,-1.93
2024-10-22 18:00:00,14187.85,0.32,290.55,-0.70,-1.39
2024-10-22 20:00:00,0.00,0.30,288.94,-0.95,-1.84
2024-10-22 22:00:00,0.00,0.26,287.49,-0.46,-1.56
2024-10-23 06:00:00,0.00,0.61,284.67,-0.81,-1.41
2024-10-23 08:00:00,273132.36,0.65,286.13,-0.72,-1.73
2024-10-23 10:00:00,973700.99,0.79,289.12,0.54,-2.51
2024-10-23 12:00:00,1342573.73,0.65,291.34,1.92,-1.95
2024-10-23 14:00:00,1040968.18,0.58,292.52,1.66,-1.28
2024-10-23 16:00:00,672441.71,0.40,292.43,1.05,-1.32
2024-10-23 18:00:00,12646.12,0.46,289.76,0.32,-1.55
2024-10-23 20:00:00,0.00,0.42,288.18,0.74,-2.14
2024-10-23 22:00:00,0.00,0.45,287.35,1.37,-2.01
2024-10-24 06:00:00,0.00,0.88,285.44,0.49,-1.49
2024-10-24 08:00:00,193835.70,0.87,286.18,0.91,-1.48
2024-10-24 10:00:00,705225.24,0.69,288.51,1.11,-1.43
2024-10-24 12:00:00,1142962.79,0.82,290.59,1.93,-0.43
2024-10-24 14:00:00,1187413.17,0.66,292.06,2.15,0.84
2024-10-24 16:00:00,791221.46,0.60,292.28,2.40,0.45
2024-10-24 18:00:00,11843.86,0.97,289.42,1.14,-0.94
2024-10-24 20:00:00,0.00,0.98,288.18,0.95,-0.96
2024-10-24 22:00:00,0.00,0.95,287.81,1.01,-0.71
2024-10-25 06:00:00,0.00,1.00,286.71,2.48,0.79
2024-10-25 08:00:00,72676.07,1.00,287.01,2.61,1.16
2024-10-25 10:00:00,266943.86,0.85,287.22,1.70,2.10
2024-10-25 12:00:00,284920.88,0.72,287.49,0.48,3.13
2024-10-25 14:00:00,609786.12,0.63,287.40,-0.40,2.85
2024-10-25 16:00:00,359557.23,0.66,287.10,-0.62,2.03
2024-10-25 18:00:00,6201.66,0.74,285.32,-0.89,0.80
2024-10-25 20:00:00,0.00,0.77,284.07,-0.75,0.79
2024-10-25 22:00:00,0.00,0.75,283.14,-1.19,0.93
2024-10-26 06:00:00,0.00,0.51,279.26,0.03,1.70
2024-10-26 08:00:00,343529.30,0.42,280.00,-0.24,2.25
2024-10-26 10:00:00,1295990.00,0.90,282.21,0.06,1.87
2024-10-26 12:00:00,1808054.84,0.82,283.86,0.86,2.27
2024-10-26 14:00:00,1310034.21,0.73,283.73,1.19,2.62
2024-10-26 16:00:00,624541.07,0.64,282.87,-0.30,2.48
2024-10-26 18:00:00,7848.12,0.71,281.43,0.01,0.95
2024-10-26 20:00:00,0.00,0.68,280.38,-0.39,0.53
2024-10-26 22:00:00,0.00,0.72,279.44,-0.37,0.46
2024-10-27 06:00:00,0.00,0.54,278.08,-1.77,0.16
2024-10-27 08:00:00,277104.22,0.52,279.15,-2.32,0.07
2024-10-27 10:00:00,1058482.60,0.56,282.28,-2.54,-1.76
2024-10-27 12:00:00,1321734.68,0.64,284.01,-2.50,-2.15
2024-10-27 14:00:00,1407500.52,0.70,284.86,-2.75,-2.37
2024-10-27 16:00:00,623462.47,0.98,284.57,-2.48,-2.76
2024-10-27 18:00:00,5095.56,0.99,283.09,-2.11,-2.63
2024-10-27 20:00:00,0.00,0.98,282.10,-2.29,-2.81
2024-10-27 22:00:00,0.00,0.96,281.61,-2.09,-2.61
2024-10-28 06:00:00,0.00,0.37,282.06,-2.02,-2.76
2024-10-28 08:00:00,292463.92,0.34,283.44,-1.70,-3.33
2024-10-28 10:00:00,1249153.27,0.58,287.17,-0.89,-3.91
2024-10-28 12:00:00,1229402.19,0.81,289.09,-0.18,-5.02
2024-10-28 14:00:00,982423.11,0.87,289.97,0.40,-3.96
2024-10-28 16:00:00,642457.69,0.55,289.90,-0.70,-2.91
2024-10-28 18:00:00,4447.44,0.70,287.70,-1.80,-2.55
2024-10-28 20:00:00,0.00,0.74,286.68,-2.33,-3.32
2024-10-28 22:00:00,0.00,0.57,286.20,-2.40,-2.62
2024-10-29 06:00:00,0.00,0.85,285.94,-2.77,-3.35
2024-10-29 08:00:00,171868.91,1.00,286.20,-2.63,-3.59
2024-10-29 10:00:00,449490.96,1.00,286.94,-2.49,-4.28
2024-10-29 12:00:00,787353.02,0.95,287.60,-3.17,-3.96
2024-10-29 14:00:00,1005371.40,0.99,288.75,-3.77,-4.48
2024-10-29 16:00:00,383400.76,0.99,288.30,-3.45,-4.70
2024-10-29 18:00:00,1937.41,1.00,287.69,-2.79,-5.28
2024-10-29 20:00:00,0.00,1.00,287.42,-2.38,-5.41
2024-10-29 22:00:00,0.00,1.00,285.20,-0.37,-3.49
2024-10-30 06:00:00,0.00,0.94,283.96,-1.87,-3.55
2024-10-30 08:00:00,171400.16,0.75,284.76,-1.23,-4.04
2024-10-30 10:00:00,1085337.34,0.70,288.43,0.67,-4.00
2024-10-30 12:00:00,1525985.64,0.44,290.73,2.97,-4.09
2024-10-30 14:00:00,1481580.64,0.53,291.11,3.07,-3.68
2024-10-30 16:00:00,766261.99,0.59,290.38,1.70,-2.13
2024-10-30 18:00:00,3080.82,0.62,287.90,0.18,-1.92
2024-10-30 20:00:00,0.00,0.55,286.92,0.18,-2.56
2024-10-30 22:00:00,0.00,0.43,286.13,0.76,-2.83
2024-10-31 06:00:00,0.00,0.68,283.57,0.26,-2.31
2024-10-31 08:00:00,268643.74,0.67,284.52,0.12,-2.51
2024-10-31 10:00:00,1125705.07,0.73,288.09,1.09,-3.20
2024-10-31 12:00:00,1714579.32,0.74,290.56,1.76,-2.48
2024-10-31 14:00:00,1460411.28,0.51,291.35,2.04,-1.60
2024-10-31 16:00:00,796418.16,0.31,290.85,1.31,-0.23
2024-10-31 18:00:00,2115.63,0.28,288.82,0.32,-0.56
2024-10-31 20:00:00,0.00,0.47,287.66,0.13,-1.61
2024-10-31 22:00:00,0.00,0.70,286.30,-0.19,-1.09
2024-11-01 06:00:00,0.00,0.84,285.22,-0.07,-1.68
2024-11-01 08:00:00,161333.34,0.84,285.54,0.14,-2.14
2024-11-01 10:00:00,940517.06,0.76,287.99,1.48,-2.96
2024-11-01 12:00:00,1314024.25,0.50,290.14,1.11,-1.90
2024-11-01 14:00:00,1454778.36,0.67,291.63,0.25,-1.67
2024-11-01 16:00:00,760249.60,0.43,291.30,-0.25,-1.47
2024-11-01 18:00:00,1621.08,0.61,288.22,-0.54,-1.20
2024-11-01 20:00:00,0.00,0.82,287.00,-0.64,-1.47
2024-11-01 22:00:00,0.00,0.86,286.09,-0.70,-1.23
2024-11-02 06:00:00,0.00,0.76,283.87,-1.24,-1.52
2024-11-02 08:00:00,202892.63,0.85,284.55,-1.33,-1.58
2024-11-02 10:00:00,1082394.05,0.81,286.90,-1.17,-2.04
2024-11-02 12:00:00,1471834.08,0.96,288.94,-0.43,-2.14
2024-11-02 14:00:00,1438768.60,0.85,289.73,-0.61,-1.88
2024-11-02 16:00:00,626507.44,0.74,289.51,-0.54,-1.36
2024-11-02 18:00:00,1009.74,0.55,287.03,-0.71,-1.24
2024-11-02 20:00:00,0.00,0.35,285.77,-0.74,-1.36
2024-11-02 22:00:00,0.00,0.16,284.43,-0.56,-1.33
2024-11-03 06:00:00,0.00,0.84,283.81,-0.18,-1.96
2024-11-03 08:00:00,148704.74,0.88,284.65,-0.11,-2.30
2024-11-03 10:00:00,801802.33,0.83,287.47,1.73,-3.32
2024-11-03 12:00:00,917384.48,0.68,289.24,2.17,-2.66
2024-11-03 14:00:00,835024.16,0.74,290.76,2.11,-3.00
2024-11-03 16:00:00,484326.11,0.51,290.49,1.12,-1.78
2024-11-03 18:00:00,701.50,0.28,287.08,-0.09,-1.84
2024-11-03 20:00:00,0.00,0.30,285.67,0.05,-1.78
2024-11-03 22:00:00,0.00,0.46,284.44,0.01,-1.80
2024-11-04 06:00:00,0.00,0.97,284.25,-0.15,-1.69
2024-11-04 08:00:00,104454.89,0.88,284.88,0.25,-2.01
2024-11-04 10:00:00,663716.38,0.95,287.36,1.59,-1.66
2024-11-04 12:00:00,1031265.27,0.96,289.12,2.49,-0.84
2024-11-04 14:00:00,911881.56,0.87,290.25,2.39,-0.23
2024-11-04 16:00:00,477947.33,0.80,290.07,1.33,-0.19
2024-11-04 18:00:00,403.49,0.76,288.05,-0.05,-0.45
2024-11-04 20:00:00,0.00,0.82,286.76,-0.28,-0.73
2024-11-04 22:00:00,0.00,0.66,285.91,-0.29,-1.08
2024-11-05 06:00:00,0.00,0.57,283.22,0.08,-1.07
2024-11-05 08:00:00,228940.98,0.50,284.18,0.15,-1.10
2024-11-05 10:00:00,1134689.71,0.56,288.09,0.81,-0.44
2024-11-05 12:00:00,1686540.80,0.66,290.82,0.98,0.98
2024-11-05 14:00:00,1109105.32,0.81,291.88,0.33,1.10
2024-11-05 16:00:00,454756.01,0.51,291.48,0.08,0.68
2024-11-05 18:00:00,186.39,0.15,288.00,-0.21,0.14
2024-11-05 20:00:00,0.00,0.28,286.95,-0.94,-0.42
2024-11-05 22:00:00,0.00,0.26,284.99,-0.69,-0.71
2024-11-06 06:00:00,0.00,0.37,282.12,-1.14,-1.08
2024-11-06 08:00:00,205098.20,0.42,283.30,-1.25,-1.14
2024-11-06 10:00:00,1199868.78,0.02,287.89,-0.46,-1.13
2024-11-06 12:00:00,1964444.56,0.00,291.44,-0.20,-1.08
2024-11-06 14:00:00,1744581.44,0.01,293.23,-0.12,-1.34
2024-11-06 16:00:00,783188.02,0.03,292.79,-0.10,-1.08
2024-11-06 18:00:00,115.73,0.02,288.70,-0.54,-1.43
2024-11-06 20:00:00,0.00,0.02,286.44,-0.54,-1.16
2024-11-06 22:00:00,0.00,0.03,285.02,-0.21,-1.20
2024-11-07 06:00:00,0.00,0.90,282.92,-0.11,-1.26
2024-11-07 08:00:00,108366.49,0.95,283.97,0.19,-1.32
2024-11-07 10:00:00,758459.96,0.79,286.68,0.39,-1.74
2024-11-07 12:00:00,1243931.62,0.70,289.31,0.74,-1.52
2024-11-07 14:00:00,1063855.07,0.61,290.90,1.29,-0.93
2024-11-07 16:00:00,528201.90,0.35,290.63,0.80,-0.55
2024-11-07 18:00:00,27.66,0.37,288.12,0.20,0.19
2024-11-07 20:00:00,0.00,0.39,285.40,-0.31,-0.76
2024-11-07 22:00:00,0.00,0.90,284.01,-0.05,-1.05
2024-11-08 06:00:00,0.00,0.99,282.90,-0.19,-1.20
2024-11-08 08:00:00,129546.90,1.00,283.53,0.25,-2.04
2024-11-08 10:00:00,649806.57,1.00,284.83,0.90,-1.51
2024-11-08 12:00:00,1185874.57,1.00,286.61,1.67,-0.84
2024-11-08 14:00:00,977172.32,0.91,288.29,1.89,-0.05
2024-11-08 16:00:00,574053.07,0.86,288.44,0.77,0.87
2024-11-08 18:00:00,6.15,0.48,285.97,0.18,-0.27
2024-11-08 20:00:00,0.00,0.35,285.28,0.42,0.09
2024-11-08 22:00:00,0.00,0.60,284.03,-0.21,0.10
2024-11-09 06:00:00,0.00,0.92,282.56,-0.07,0.89
2024-11-09 08:00:00,129293.44,0.89,283.28,-0.08,1.14
2024-11-09 10:00:00,985313.61,0.81,285.91,-0.80,1.09
2024-11-09 12:00:00,1525406.12,0.71,288.43,-0.61,1.06
2024-11-09 14:00:00,1270467.44,0.65,290.05,-0.69,1.61
2024-11-09 16:00:00,604301.33,0.19,289.85,-0.69,1.40
2024-11-09 18:00:00,0.00,0.01,286.00,-0.53,1.41
2024-11-09 20:00:00,0.00,0.01,284.11,-1.15,1.22
2024-11-09 22:00:00,0.00,0.00,282.40,-1.54,0.91
2024-11-10 06:00:00,0.00,0.76,280.18,-1.09,0.21
2024-11-10 08:00:00,182205.50,0.66,281.29,-1.10,0.17
2024-11-10 10:00:00,1128762.73,0.95,285.28,-0.54,0.91
2024-11-10 12:00:00,1382436.48,0.81,288.37,-1.43,1.94
2024-11-10 14:00:00,1103743.22,0.90,289.31,-1.82,1.81
2024-11-10 16:00:00,410121.97,0.55,288.83,-1.14,1.28
2024-11-10 18:00:00,0.00,0.54,286.59,-1.20,1.25
2024-11-10 20:00:00,0.00,0.36,285.53,-1.36,0.79
2024-11-10 22:00:00,0.00,0.36,284.36,-1.42,0.50
2024-11-11 06:00:00,0.00,0.50,281.34,-1.99,-0.20
2024-11-11 08:00:00,152311.57,0.59,282.48,-2.74,-0.55
2024-11-11 10:00:00,1106987.68,0.28,286.58,-2.80,-1.48
2024-11-11 12:00:00,1541258.04,0.48,288.84,-3.45,-2.82
2024-11-11 14:00:00,1360181.58,0.58,289.68,-2.97,-2.59
2024-11-11 16:00:00,630728.15,0.42,288.99,-2.35,-1.58
2024-11-11 18:00:00,0.00,0.19,285.19,-2.29,-1.15
2024-11-11 20:00:00,0.00,0.08,283.86,-2.79,-1.68
2024-11-11 22:00:00,0.00,0.07,282.01,-3.12,-1.94
2024-11-12 06:00:00,0.00,0.24,277.24,-2.00,-0.31
2024-11-12 08:00:00,181200.73,0.28,278.65,-2.63,-0.20
2024-11-12 10:00:00,1151363.90,0.30,283.73,-2.81,-0.31
2024-11-12 12:00:00,1629012.80,0.54,286.24,-4.53,-0.55
2024-11-12 14:00:00,1538825.48,0.89,286.97,-4.42,-0.62
2024-11-12 16:00:00,624386.76,0.50,284.78,-4.33,-0.53
2024-11-12 18:00:00,0.00,0.05,282.11,-4.32,-1.24
2024-11-12 20:00:00,0.00,0.11,280.04,-3.87,-1.87
2024-11-12 22:00:00,0.00,0.44,278.35,-3.09,-1.41
2024-11-13 06:00:00,0.00,0.55,276.63,-2.51,-2.36
2024-11-13 08:00:00,137121.11,0.59,277.36,-2.37,-3.25
2024-11-13 10:00:00,831574.24,0.83,279.72,-1.97,-4.42
2024-11-13 12:00:00,1146931.23,0.99,280.30,-2.21,-4.89
2024-11-13 14:00:00,477029.66,0.98,279.68,-2.67,-3.65
2024-11-13 16:00:00,162481.39,0.99,280.60,-2.10,-4.28
2024-11-13 18:00:00,0.00,1.00,281.38,-1.13,-4.62
2024-11-13 20:00:00,0.00,1.00,281.65,-0.66,-4.24
2024-11-13 22:00:00,0.00,0.87,282.45,0.00,-4.00
2024-11-14 06:00:00,0.00,0.97,282.65,-1.38,-2.64
2024-11-14 08:00:00,75167.62,0.96,283.30,-1.51,-3.00
2024-11-14 10:00:00,671710.69,0.91,286.00,-0.46,-3.80
2024-11-14 12:00:00,670700.32,0.94,287.47,0.03,-3.21
2024-11-14 14:00:00,674883.21,0.96,288.29,0.02,-3.35
2024-11-14 16:00:00,358714.98,0.91,286.73,-0.03,-1.99
2024-11-14 18:00:00,0.00,0.97,286.06,-0.28,-2.05
2024-11-14 20:00:00,0.00,0.97,285.61,0.29,-2.31
2024-11-14 22:00:00,0.00,0.99,285.33,0.85,-2.63
2024-11-15 06:00:00,0.00,0.97,284.11,0.33,-2.55
2024-11-15 08:00:00,78219.95,0.93,284.14,0.19,-2.79
2024-11-15 10:00:00,623503.80,0.93,285.94,1.34,-3.72
2024-11-15 12:00:00,1037349.78,0.95,287.58,1.56,-3.62
2024-11-15 14:00:00,838813.19,0.94,288.41,1.63,-3.23
2024-11-15 16:00:00,371060.29,0.88,287.72,1.20,-2.59
2024-11-15 18:00:00,0.00,0.84,286.35,1.07,-2.74
2024-11-15 20:00:00,0.00,0.72,285.32,1.53,-2.93
2024-11-15 22:00:00,0.00,0.69,284.38,0.86,-2.74
2024-11-16 06:00:00,0.00,0.99,281.71,-0.66,-1.75
2024-11-16 08:00:00,102280.58,0.92,282.05,-0.81,-2.06
2024-11-16 10:00:00,817283.64,0.94,284.66,1.25,-2.57
2024-11-16 12:00:00,1408134.96,0.99,286.71,1.65,-1.39
2024-11-16 14:00:00,986363.64,1.00,287.17,0.74,-1.42
2024-11-16 16:00:00,290133.57,0.88,286.86,-0.30,-1.76
2024-11-16 18:00:00,0.00,0.63,284.45,-0.96,-1.08
2024-11-16 20:00:00,0.00,0.47,282.88,-0.91,-1.22
2024-11-16 22:00:00,0.00,0.71,281.63,-0.55,-1.06
2024-11-17 06:00:00,0.00,0.64,279.72,-0.50,-0.84
2024-11-17 08:00:00,126347.07,0.87,280.18,-0.65,-0.99
2024-11-17 10:00:00,1088179.51,0.77,284.52,0.03,-0.59
2024-11-17 12:00:00,1701408.96,0.74,288.43,0.35,-0.63
2024-11-17 14:00:00,1534769.64,0.51,290.85,-0.30,-0.56
2024-11-17 16:00:00,635810.14,0.46,289.59,-0.06,-0.09
2024-11-17 18:00:00,0.00,0.21,286.68,-0.40,0.60
2024-11-17 20:00:00,0.00,0.13,285.36,-0.08,0.54
2024-11-17 22:00:00,0.00,0.51,283.40,-0.53,-0.37
2024-11-18 06:00:00,0.00,0.43,281.42,-0.14,-0.25
2024-11-18 08:00:00,129762.37,0.24,281.61,-0.07,-0.26
2024-11-18 10:00:00,1092624.24,0.46,286.53,0.13,0.22
2024-11-18 12:00:00,1686241.96,0.29,290.00,-0.08,0.83
2024-11-18 14:00:00,1395884.52,0.08,291.65,-0.00,1.17
2024-11-18 16:00:00,609474.03,0.08,290.45,0.54,0.87
2024-11-18 18:00:00,0.00,0.11,286.30,0.79,1.63
2024-11-18 20:00:00,0.00,0.07,284.24,0.14,1.31
2024-11-18 22:00:00,0.00,0.04,282.47,0.37,0.53
2024-11-19 06:00:00,0.00,0.65,279.45,0.20,0.44
2024-11-19 08:00:00,97459.48,0.61,280.17,0.26,0.31
2024-11-19 10:00:00,913125.61,0.54,284.04,0.46,0.80
2024-11-19 12:00:00,1556544.12,0.50,287.01,0.70,2.10
2024-11-19 14:00:00,1361138.92,0.59,288.68,1.00,2.88
2024-11-19 16:00:00,549471.29,0.39,287.89,1.04,2.40
2024-11-19 18:00:00,0.00,0.44,285.28,0.60,2.37
2024-11-19 20:00:00,0.00,0.63,284.00,0.65,2.63
2024-11-19 22:00:00,0.00,0.32,283.27,0.39,2.74
2024-11-20 06:00:00,0.00,0.87,281.18,-0.32,2.01
2024-11-20 08:00:00,95699.57,0.82,281.28,-0.22,2.02
2024-11-20 10:00:00,1021663.04,0.84,284.11,-0.41,2.61
2024-11-20 12:00:00,1564452.55,0.86,286.49,-0.67,3.56
2024-11-20 14:00:00,1332983.35,0.66,287.91,-1.07,3.95
2024-11-20 16:00:00,517210.77,0.30,286.04,-0.49,3.28
2024-11-20 18:00:00,0.00,0.13,284.46,-0.07,2.69
2024-11-20 20:00:00,0.00,0.17,283.34,0.33,2.71
2024-11-20 22:00:00,0.00,0.21,282.51,0.45,2.72
2024-11-21 06:00:00,0.00,0.74,281.80,1.25,2.93
2024-11-21 08:00:00,80493.03,0.83,282.24,1.64,3.15
2024-11-21 10:00:00,580745.81,0.86,283.86,1.47,4.35
2024-11-21 12:00:00,935120.99,0.95,285.29,2.06,5.14
2024-11-21 14:00:00,615599.92,0.97,285.57,1.84,5.48
2024-11-21 16:00:00,382236.99,0.91,285.35,2.29,5.51
2024-11-21 18:00:00,0.00,0.87,284.43,2.08,5.21
2024-11-21 20:00:00,0.00,0.74,284.09,2.07,5.13
2024-11-21 22:00:00,0.00,0.86,284.01,1.95,4.91
2024-11-22 06:00:00,0.00,1.00,283.44,0.21,3.70
2024-11-22 08:00:00,38927.20,0.82,282.94,-0.96,2.83
2024-11-22 10:00:00,490700.32,0.66,284.23,-1.42,1.07
2024-11-22 12:00:00,1203120.07,0.63,285.59,-1.27,1.46
2024-11-22 14:00:00,1263505.47,0.57,286.64,-0.97,1.61
2024-11-22 16:00:00,504238.06,0.67,285.67,-0.13,1.01
2024-11-22 18:00:00,0.00,0.66,282.97,0.52,0.55
2024-11-22 20:00:00,0.00,0.90,281.76,0.51,-0.09
2024-11-22 22:00:00,0.00,0.99,281.20,0.22,-0.34
2024-11-23 06:00:00,0.00,0.99,281.65,0.78,-0.88
2024-11-23 08:00:00,26797.61,0.95,282.09,1.44,-0.90
2024-11-23 10:00:00,474980.67,0.96,284.24,2.14,-0.12
2024-11-23 12:00:00,1148740.48,0.86,286.59,2.80,0.30
2024-11-23 14:00:00,1086530.05,0.91,287.88,3.47,0.10
2024-11-23 16:00:00,483493.17,0.90,287.48,1.94,-0.78
2024-11-23 18:00:00,0.00,0.96,284.69,0.82,-1.41
2024-11-23 20:00:00,0.00,0.89,284.09,0.56,-1.57
2024-11-23 22:00:00,0.00,0.73,282.72,0.42,-1.95
2024-11-24 06:00:00,0.00,0.85,281.56,1.54,-2.31
2024-11-24 08:00:00,83684.70,0.92,281.90,1.40,-2.71
2024-11-24 10:00:00,919803.05,0.59,285.18,1.85,-3.27
2024-11-24 12:00:00,1576479.56,0.39,287.41,2.52,-2.93
2024-11-24 14:00:00,1314187.31,0.86,288.26,2.38,-1.81
2024-11-24 16:00:00,417271.91,0.71,287.96,2.08,-2.04
2024-11-24 18:00:00,0.00,0.86,287.24,2.26,-2.81
2024-11-24 20:00:00,0.00,0.61,287.34,3.54,-2.79
2024-11-24 22:00:00,0.00,0.33,287.21,4.19,-1.83
2024-11-25 06:00:00,0.00,0.90,287.50,5.96,1.43
2024-11-25 08:00:00,59903.07,0.77,287.56,6.78,1.78
2024-11-25 10:00:00,493337.26,0.94,287.19,4.87,3.48
2024-11-25 12:00:00,410559.91,0.94,286.04,2.10,3.95
2024-11-25 14:00:00,732555.76,0.64,286.19,0.97,3.74
2024-11-25 16:00:00,458862.35,0.28,284.40,0.39,2.78
2024-11-25 18:00:00,0.00,0.44,282.93,-0.03,2.16
2024-11-25 20:00:00,0.00,0.86,281.45,-0.08,1.57
2024-11-25 22:00:00,0.00,0.90,279.79,-0.30,1.22
2024-11-26 06:00:00,0.00,0.99,277.18,-0.94,-0.66
2024-11-26 08:00:00,67272.20,1.00,277.08,-0.53,-0.67
2024-11-26 10:00:00,766195.46,1.00,280.17,0.12,-1.16
2024-11-26 12:00:00,1276917.80,1.00,282.74,0.72,-1.09
2024-11-26 14:00:00,1143018.63,1.00,284.00,0.40,-0.05
2024-11-26 16:00:00,426938.60,1.00,283.44,-0.44,0.43
2024-11-26 18:00:00,0.00,1.00,281.18,-0.68,-0.05
2024-11-26 20:00:00,0.00,0.64,279.73,-1.24,-0.04
2024-11-26 22:00:00,0.00,0.03,277.58,-1.26,-0.27
2024-11-27 06:00:00,0.00,0.31,274.78,-0.99,-0.50
2024-11-27 08:00:00,81414.37,0.56,275.34,-0.75,-0.87
2024-11-27 10:00:00,1052571.01,0.59,280.32,-0.59,-0.51
2024-11-27 12:00:00,1706512.52,0.74,284.17,-0.00,-0.54
2024-11-27 14:00:00,1519021.44,0.71,286.30,0.12,-0.31
2024-11-27 16:00:00,610273.12,0.52,283.52,0.22,0.10
2024-11-27 18:00:00,0.00,0.43,281.99,-0.03,-0.30
2024-11-27 20:00:00,0.00,0.36,279.92,-0.35,-0.63
2024-11-27 22:00:00,0.00,0.20,277.84,-0.74,-0.85
2024-11-28 06:00:00,0.00,0.03,275.27,-0.30,-1.12
2024-11-28 08:00:00,81538.65,0.08,275.86,-0.16,-1.09
2024-11-28 10:00:00,1050697.96,0.10,280.72,0.04,-0.80
2024-11-28 12:00:00,1696740.80,0.06,284.33,0.80,-0.68
2024-11-28 14:00:00,1515816.76,0.01,286.81,1.10,-0.41
2024-11-28 16:00:00,608966.40,0.00,285.56,0.89,-0.06
2024-11-28 18:00:00,0.00,0.00,282.04,0.60,0.03
2024-11-28 20:00:00,0.00,0.00,280.42,0.17,-0.80
2024-11-28 22:00:00,0.00,0.01,278.69,0.04,-0.90
2024-11-29 06:00:00,0.00,0.64,277.51,0.02,-1.03
2024-11-29 08:00:00,62598.49,0.72,278.15,0.12,-0.88
2024-11-29 10:00:00,938531.62,0.61,282.21,-0.09,-0.54
2024-11-29 12:00:00,1547447.64,0.56,286.32,0.85,0.01
2024-11-29 14:00:00,1388239.60,0.66,288.76,0.75,0.45
2024-11-29 16:00:00,531876.18,0.75,287.96,0.75,-0.13
2024-11-29 18:00:00,0.00,0.61,284.28,0.96,-0.38
2024-11-29 20:00:00,0.00,0.60,282.95,0.25,-0.38
2024-11-29 22:00:00,0.00,0.28,280.73,-0.32,-0.58
2024-11-30 06:00:00,0.00,0.65,278.15,-0.65,-0.60
2024-11-30 08:00:00,63973.37,0.58,278.42,-0.81,-0.60
2024-11-30 10:00:00,963922.22,0.45,283.40,-0.51,-0.51
2024-11-30 12:00:00,1584589.76,0.23,287.80,0.19,-0.18
2024-11-30 14:00:00,1423571.56,0.19,290.00,0.82,0.25
2024-11-30 16:00:00,568271.24,0.41,288.67,0.66,0.88
2024-11-30 18:00:00,0.00,0.18,285.06,-0.17,0.92
2024-11-30 20:00:00,0.00,0.06,283.50,-0.09,-0.25
2024-11-30 22:00:00,0.00,0.06,280.84,-0.20,-0.67
2024-12-01 06:00:00,0.00,0.91,278.76,-0.35,-0.88
2024-12-01 08:00:00,45964.12,0.98,278.98,-0.34,-0.98
2024-12-01 10:00:00,624041.13,0.96,282.09,-0.10,-0.54
2024-12-01 12:00:00,1062930.30,0.96,285.75,-0.12,-0.41
2024-12-01 14:00:00,1123268.41,0.92,288.10,0.18,-0.35
2024-12-01 16:00:00,431846.29,0.88,287.68,0.54,0.06
2024-12-01 18:00:00,0.00,0.93,285.59,1.11,-0.04
2024-12-01 20:00:00,0.00,0.94,284.69,0.68,0.04
2024-12-01 22:00:00,0.00,1.00,283.14,-0.01,-0.20
2024-12-02 06:00:00,0.00,0.81,281.05,-0.28,-0.93
2024-12-02 08:00:00,56593.08,0.59,281.08,-0.03,-0.53
2024-12-02 10:00:00,911062.97,0.70,284.07,-0.56,-0.15
2024-12-02 12:00:00,1495663.60,0.50,286.63,-0.13,0.33
2024-12-02 14:00:00,1366864.64,0.21,287.89,0.45,0.18
2024-12-02 16:00:00,523599.69,0.19,285.95,1.23,0.31
2024-12-02 18:00:00,0.00,0.48,284.66,0.56,1.00
2024-12-02 20:00:00,0.00,0.32,283.49,-0.26,-0.44
2024-12-02 22:00:00,0.00,0.14,280.93,-0.29,-0.45
2024-12-03 06:00:00,0.00,0.46,278.14,-0.47,-0.10
2024-12-03 08:00:00,43893.94,0.83,278.46,-0.00,0.12
2024-12-03 10:00:00,754146.32,0.49,282.81,0.15,0.40
2024-12-03 12:00:00,1374803.80,0.45,285.81,-0.01,1.95
2024-12-03 14:00:00,1055660.65,0.97,285.73,-0.23,2.60
2024-12-03 16:00:00,401026.32,1.00,285.26,0.28,2.22
2024-12-03 18:00:00,0.00,1.00,283.71,0.38,2.42
2024-12-03 20:00:00,0.00,0.90,282.68,0.25,2.65
2024-12-03 22:00:00,0.00,0.81,282.21,0.49,2.65
2024-12-04 06:00:00,0.00,0.84,281.69,-1.67,2.28
2024-12-04 08:00:00,17491.26,0.77,281.53,-2.58,0.95
2024-12-04 10:00:00,737311.76,0.17,283.97,-3.06,0.32
2024-12-04 12:00:00,1475035.28,0.07,285.61,-3.32,-0.41
2024-12-04 14:00:00,1407327.88,0.08,286.42,-3.33,-0.00
2024-12-04 16:00:00,576876.89,0.00,285.55,-1.67,0.44
2024-12-04 18:00:00,0.00,0.97,282.26,-1.44,1.00
2024-12-04 20:00:00,0.00,1.00,280.36,-1.19,1.48
2024-12-04 22:00:00,0.00,0.82,278.93,-0.72,0.89
2024-12-05 06:00:00,0.00,0.25,278.44,-0.39,-0.28
2024-12-05 08:00:00,47790.19,0.61,277.75,-0.41,0.14
2024-12-05 10:00:00,928450.80,0.18,282.40,-0.47,0.34
2024-12-05 12:00:00,1595018.16,0.13,286.08,-0.33,1.04
2024-12-05 14:00:00,1263991.00,0.53,287.32,-0.84,1.63
2024-12-05 16:00:00,482012.05,0.75,286.15,0.36,0.94
2024-12-05 18:00:00,0.00,0.95,282.99,0.21,1.77
2024-12-05 20:00:00,0.00,0.91,281.55,0.13,1.70
2024-12-05 22:00:00,0.00,0.47,280.53,0.06,1.36
2024-12-06 06:00:00,0.00,0.81,279.20,-0.74,0.23
2024-12-06 08:00:00,38945.38,0.88,278.85,-0.60,-0.03
2024-12-06 10:00:00,833301.02,0.51,283.46,-0.56,0.15
2024-12-06 12:00:00,1362567.76,0.47,286.92,-0.22,0.68
2024-12-06 14:00:00,1265416.88,0.42,288.84,-0.13,1.13
2024-12-06 16:00:00,529125.76,0.10,288.26,0.07,0.74
2024-12-06 18:00:00,0.00,0.21,284.70,0.42,1.05
2024-12-06 20:00:00,0.00,0.92,282.64,0.45,1.19
2024-12-06 22:00:00,0.00,0.82,281.15,0.23,1.43
2024-12-07 06:00:00,0.00,0.76,279.00,-0.23,1.61
2024-12-07 08:00:00,33729.37,0.96,279.88,-0.65,1.66
2024-12-07 10:00:00,589918.89,0.73,282.74,0.16,1.99
2024-12-07 12:00:00,1031080.51,0.42,286.27,-1.10,3.67
2024-12-07 14:00:00,965864.23,0.23,287.88,-2.75,4.38
2024-12-07 16:00:00,506628.01,0.10,286.22,-2.87,3.85
2024-12-07 18:00:00,0.00,0.07,282.91,-3.91,3.00
2024-12-07 20:00:00,0.00,0.11,281.29,-3.65,2.52
2024-12-07 22:00:00,0.00,0.13,279.35,-1.68,1.38
2024-12-08 06:00:00,0.00,0.37,275.97,-2.19,2.99
2024-12-08 08:00:00,33176.47,0.51,276.47,-2.25,2.97
2024-12-08 10:00:00,670778.82,0.33,280.03,-2.20,3.62
2024-12-08 12:00:00,1265524.12,0.39,282.00,-4.89,3.33
2024-12-08 14:00:00,1204486.16,0.61,282.35,-6.10,2.21
2024-12-08 16:00:00,555639.35,0.42,281.59,-4.44,1.99
2024-12-08 18:00:00,0.00,0.21,278.74,-3.50,2.14
2024-12-08 20:00:00,0.00,0.25,277.59,-3.08,2.32
2024-12-08 22:00:00,0.00,0.20,276.34,-1.33,2.08
2024-12-09 06:00:00,0.00,0.52,274.33,-1.03,2.74
2024-12-09 08:00:00,29105.40,0.94,274.60,-0.99,2.96
2024-12-09 10:00:00,471707.04,0.85,277.64,-1.13,2.98
2024-12-09 12:00:00,1093017.74,0.51,279.69,-3.37,3.71
2024-12-09 14:00:00,1119637.40,0.67,281.01,-4.32,2.79
2024-12-09 16:00:00,490332.74,0.36,280.34,-3.38,2.30
2024-12-09 18:00:00,0.00,0.30,278.48,-2.69,1.73
2024-12-09 20:00:00,0.00,0.39,277.61,-2.48,1.45
2024-12-09 22:00:00,0.00,0.24,276.74,-1.14,1.67
2024-12-10 06:00:00,0.00,0.60,273.75,-1.19,1.35
2024-12-10 08:00:00,24532.85,0.78,274.08,-1.07,1.30
2024-12-10 10:00:00,551005.36,0.60,277.84,-1.04,1.42
2024-12-10 12:00:00,1058852.52,0.54,280.33,-2.46,1.33
2024-12-10 14:00:00,628374.52,0.72,281.00,-2.61,0.58
2024-12-10 16:00:00,385568.73,0.63,280.50,-1.70,0.13
2024-12-10 18:00:00,0.00,0.40,278.24,-1.41,-0.14
2024-12-10 20:00:00,0.00,0.30,277.22,-1.72,-0.27
2024-12-10 22:00:00,0.00,0.48,276.29,-1.55,-0.36
2024-12-11 06:00:00,0.00,0.62,275.36,-1.41,-0.58
2024-12-11 08:00:00,25386.72,0.56,275.33,-1.14,-0.91
2024-12-11 10:00:00,734260.23,0.68,277.93,-0.84,-1.46
2024-12-11 12:00:00,1222127.94,0.68,279.34,0.26,-1.52
2024-12-11 14:00:00,1033463.90,0.76,279.73,0.78,-0.98
2024-12-11 16:00:00,331168.47,0.68,279.12,0.28,-0.61
2024-12-11 18:00:00,0.00,0.42,278.22,-0.86,-0.93
2024-12-11 20:00:00,0.00,0.31,277.00,-0.72,-1.45
2024-12-11 22:00:00,0.00,0.41,276.43,0.30,-1.74
2024-12-12 06:00:00,0.00,0.70,274.51,-0.52,-1.40
2024-12-12 08:00:00,22300.74,0.56,274.83,-1.01,-1.38
2024-12-12 10:00:00,685894.96,0.33,278.43,-0.42,-1.21
2024-12-12 12:00:00,1334296.96,0.42,281.26,-0.16,-1.80
2024-12-12 14:00:00,1119013.49,0.86,282.23,0.21,-1.90
2024-12-12 16:00:00,314635.22,0.74,281.74,0.06,-1.15
2024-12-12 18:00:00,0.00,0.81,279.23,-0.39,-1.09
2024-12-12 20:00:00,0.00,1.00,278.37,-0.23,-1.51
2024-12-12 22:00:00,0.00,0.98,277.93,-0.35,-1.77
2024-12-13 06:00:00,0.00,0.91,276.91,0.18,-1.20
2024-12-13 08:00:00,14783.81,0.89,277.36,0.56,-0.77
2024-12-13 10:00:00,370364.15,0.87,278.65,1.55,0.41
2024-12-13 12:00:00,930720.73,0.61,280.36,1.34,1.93
2024-12-13 14:00:00,800015.85,0.62,281.50,1.24,1.83
2024-12-13 16:00:00,354485.40,0.52,281.01,0.83,1.33
2024-12-13 18:00:00,0.00,0.52,279.22,0.70,0.64
2024-12-13 20:00:00,0.00,0.56,277.61,0.57,0.66
2024-12-13 22:00:00,0.00,0.77,276.12,0.77,0.58
2024-12-14 06:00:00,0.00,0.97,272.56,-0.64,-0.15
2024-12-14 08:00:00,18675.85,0.99,273.15,-0.83,-0.26
2024-12-14 10:00:00,578176.65,0.95,275.79,-0.92,-0.54
2024-12-14 12:00:00,1224850.08,0.50,278.64,-1.08,-0.11
2024-12-14 14:00:00,1398737.28,0.13,280.97,-1.09,0.12
2024-12-14 16:00:00,557856.07,0.31,280.66,-0.57,0.26
2024-12-14 18:00:00,0.00,0.30,277.55,-0.50,-0.16
2024-12-14 20:00:00,0.00,0.12,275.82,-0.57,0.14
2024-12-14 22:00:00,0.00,0.03,274.20,-1.06,-0.06
2024-12-15 06:00:00,0.00,0.27,271.25,-1.70,-0.61
2024-12-15 08:00:00,25470.50,0.37,271.50,-1.41,-0.53
2024-12-15 10:00:00,844009.72,0.07,276.46,-1.08,-0.45
2024-12-15 12:00:00,1524369.36,0.03,280.55,-1.29,0.41
2024-12-15 14:00:00,1355173.64,0.15,282.66,-2.24,0.06
2024-12-15 16:00:00,522082.35,0.24,281.89,-1.81,0.10
2024-12-15 18:00:00,0.00,0.15,277.83,-2.03,-0.59
2024-12-15 20:00:00,0.00,0.02,276.73,-2.19,-1.15
2024-12-15 22:00:00,0.00,0.09,275.44,-1.75,-1.60
2024-12-16 06:00:00,0.00,0.66,272.01,-0.51,-1.44
2024-12-16 08:00:00,24748.26,0.43,272.15,-0.56,-1.32
2024-12-16 10:00:00,929769.47,0.18,277.52,-0.27,-1.90
2024-12-16 12:00:00,1606102.00,0.08,281.28,0.46,-2.16
2024-12-16 14:00:00,1469641.40,0.14,283.36,0.56,-1.85
2024-12-16 16:00:00,601847.92,0.02,282.88,0.30,-1.26
2024-12-16 18:00:00,0.00,0.28,278.33,-0.07,-1.32
2024-12-16 20:00:00,0.00,0.54,276.62,0.06,-1.24
2024-12-16 22:00:00,0.00,0.59,275.17,-0.01,-1.50
2024-12-17 06:00:00,0.00,0.98,272.37,-0.07,-1.09
2024-12-17 08:00:00,21066.21,0.92,272.56,-0.08,-0.99
2024-12-17 10:00:00,806345.58,0.85,276.39,0.02,-0.70
2024-12-17 12:00:00,1412607.48,0.65,280.21,0.40,-0.08
2024-12-17 14:00:00,1396280.24,0.46,283.12,0.79,0.08
2024-12-17 16:00:00,564138.38,0.17,283.04,0.87,-0.03
2024-12-17 18:00:00,0.00,0.14,280.45,0.96,0.16
2024-12-17 20:00:00,0.00,0.23,278.66,0.19,-0.40
2024-12-17 22:00:00,0.00,0.52,277.25,0.22,-0.54
2024-12-18 06:00:00,0.00,0.04,274.55,-0.06,-0.68
2024-12-18 08:00:00,21036.64,0.37,274.67,0.15,-0.60
2024-12-18 10:00:00,788019.91,0.89,278.95,0.19,-0.35
2024-12-18 12:00:00,1453581.12,0.93,283.10,0.86,0.04
2024-12-18 14:00:00,1322568.04,0.86,285.45,1.42,0.63
2024-12-18 16:00:00,452017.50,0.81,284.64,1.66,0.19
2024-12-18 18:00:00,0.00,0.70,280.71,2.33,0.44
2024-12-18 20:00:00,0.00,0.84,279.51,2.11,0.79
2024-12-18 22:00:00,0.00,0.98,279.78,2.15,1.33
2024-12-19 06:00:00,0.00,0.84,279.92,2.42,1.64
2024-12-19 08:00:00,6865.60,0.95,280.55,2.33,2.29
2024-12-19 10:00:00,310371.47,0.80,282.58,1.30,2.39
2024-12-19 12:00:00,661268.32,0.77,285.11,1.16,4.24
2024-12-19 14:00:00,895409.83,0.46,286.18,0.05,4.54
2024-12-19 16:00:00,462384.79,0.49,285.00,-1.09,2.89
2024-12-19 18:00:00,0.00,0.59,281.99,-2.31,1.24
2024-12-19 20:00:00,0.00,0.33,280.30,-2.37,0.30
2024-12-19 22:00:00,0.00,0.12,278.54,-2.72,-0.16
2024-12-20 06:00:00,0.00,0.16,273.07,-1.78,-0.32
2024-12-20 08:00:00,19237.17,0.23,272.83,-1.73,-0.22
2024-12-20 10:00:00,812163.33,0.16,278.06,-1.71,0.39
2024-12-20 12:00:00,1416639.21,0.22,280.93,-3.34,0.23
2024-12-20 14:00:00,1123696.31,0.19,282.27,-3.78,0.13
2024-12-20 16:00:00,513785.65,0.14,281.53,-3.23,-0.05
2024-12-20 18:00:00,0.00,0.08,278.04,-2.26,-0.10
2024-12-20 20:00:00,0.00,0.03,275.96,-1.92,-0.18
2024-12-20 22:00:00,0.00,0.02,274.30,-1.89,-0.04
2024-12-21 06:00:00,0.00,0.18,271.17,-1.74,-0.47
2024-12-21 08:00:00,18290.40,0.19,271.02,-1.89,-0.46
2024-12-21 10:00:00,859542.10,0.10,276.26,-1.83,-0.21
2024-12-21 12:00:00,1550068.56,0.02,280.43,-1.85,-0.05
2024-12-21 14:00:00,1431145.12,0.08,282.69,-1.61,0.14
2024-12-21 16:00:00,592661.83,0.00,282.75,-0.95,0.50
2024-12-21 18:00:00,0.00,0.00,278.50,-1.42,0.80
2024-12-21 20:00:00,0.00,0.01,276.42,-1.22,0.38
2024-12-21 22:00:00,0.00,0.01,275.05,-1.35,0.21
2024-12-22 06:00:00,0.00,0.11,272.49,-1.02,0.06
2024-12-22 08:00:00,17765.48,0.50,272.25,-0.59,0.01
2024-12-22 10:00:00,877929.67,0.63,277.99,-0.56,0.13
2024-12-22 12:00:00,1542057.96,0.18,282.57,-0.04,1.34
2024-12-22 14:00:00,1437084.36,0.57,285.48,-0.54,2.29
2024-12-22 16:00:00,591473.08,0.41,285.15,0.09,1.71
2024-12-22 18:00:00,0.00,0.68,281.08,-0.80,2.29
2024-12-22 20:00:00,0.00,0.31,280.55,-1.66,2.16
2024-12-22 22:00:00,0.00,0.15,278.84,-1.18,1.91
2024-12-23 06:00:00,0.00,0.27,275.92,-2.82,0.96
2024-12-23 08:00:00,14980.83,0.25,275.92,-3.16,0.51
2024-12-23 10:00:00,812059.20,0.04,280.16,-3.48,1.05
2024-12-23 12:00:00,1377413.56,0.26,282.59,-5.48,0.23
2024-12-23 14:00:00,1224620.09,0.35,283.32,-5.81,-0.74
2024-12-23 16:00:00,535253.68,0.06,282.39,-4.33,-0.35
2024-12-23 18:00:00,0.00,0.04,279.72,-3.65,-0.27
2024-12-23 20:00:00,0.00,0.07,278.25,-3.63,-0.75
2024-12-23 22:00:00,0.00,0.07,277.09,-2.86,-0.64
2024-12-24 06:00:00,0.00,0.09,273.91,-1.86,-0.23
2024-12-24 08:00:00,14864.55,0.19,273.83,-1.81,-0.09
2024-12-24 10:00:00,744818.51,0.16,279.58,-1.64,-0.31
2024-12-24 12:00:00,1350403.32,0.13,283.55,-2.18,-0.54
2024-12-24 14:00:00,1227177.06,0.15,286.02,-3.26,-1.14
2024-12-24 16:00:00,534986.41,0.24,286.08,-2.73,-1.00
2024-12-24 18:00:00,0.00,0.13,281.84,-2.67,-0.56
2024-12-24 20:00:00,0.00,0.21,280.15,-2.53,-1.17
2024-12-24 22:00:00,0.00,0.16,278.76,-2.42,-0.93
2024-12-25 06:00:00,0.00,0.25,275.87,-1.55,-0.64
2024-12-25 08:00:00,14324.37,0.42,275.58,-1.45,-0.78
2024-12-25 10:00:00,768281.78,0.13,280.42,-1.26,-1.30
2024-12-25 12:00:00,1499736.68,0.01,285.14,-0.53,-0.90
2024-12-25 14:00:00,1424373.84,0.00,287.85,-0.21,-1.20
2024-12-25 16:00:00,618879.61,0.00,287.99,0.39,-0.69
2024-12-25 18:00:00,0.00,0.00,283.33,-0.29,-0.71
2024-12-25 20:00:00,0.00,0.00,280.27,-0.49,-1.20
2024-12-25 22:00:00,0.00,0.00,278.49,-0.23,-0.88
2024-12-26 06:00:00,0.00,0.13,275.36,-0.23,-0.66
2024-12-26 08:00:00,13762.11,0.28,275.06,-0.34,-0.86
2024-12-26 10:00:00,807707.31,0.29,279.63,-0.16,-0.62
2024-12-26 12:00:00,1480663.32,0.06,283.56,0.14,-0.67
2024-12-26 14:00:00,1440804.52,0.01,285.87,0.42,-0.65
2024-12-26 16:00:00,611639.36,0.00,285.53,0.56,-0.37
2024-12-26 18:00:00,0.00,0.00,282.05,0.02,-0.97
2024-12-26 20:00:00,0.00,0.00,279.06,-0.08,-0.98
2024-12-26 22:00:00,0.00,0.06,277.45,-0.45,-0.81
2024-12-27 06:00:00,0.00,0.85,277.37,-0.54,-1.62
2024-12-27 08:00:00,7453.09,0.86,277.62,-0.55,-1.69
2024-12-27 10:00:00,470373.22,0.79,280.02,-0.22,-2.37
2024-12-27 12:00:00,883909.95,0.71,281.93,0.37,-2.18
2024-12-27 14:00:00,1137984.38,0.53,283.57,0.77,-1.77
2024-12-27 16:00:00,600951.20,0.25,283.59,0.05,-1.18
2024-12-27 18:00:00,0.00,0.03,279.89,-0.46,-1.32
2024-12-27 20:00:00,0.00,0.01,278.59,-0.33,-1.37
2024-12-27 22:00:00,0.00,0.21,276.85,-0.19,-1.26
2024-12-28 06:00:00,0.00,0.55,273.53,-0.83,-1.03
2024-12-28 08:00:00,11996.08,0.56,273.30,-0.90,-1.01
2024-12-28 10:00:00,775328.92,0.21,277.60,-0.60,-0.94
2024-12-28 12:00:00,1533964.88,0.01,281.36,-0.38,-0.98
2024-12-28 14:00:00,1491434.52,0.00,283.24,-0.36,-0.93
2024-12-28 16:00:00,655804.85,0.00,282.99,-0.27,-0.66
2024-12-28 18:00:00,0.00,0.00,279.16,-1.09,-0.36
2024-12-28 20:00:00,0.00,0.00,276.24,-1.21,-0.57
2024-12-28 22:00:00,0.00,0.01,274.24,-1.03,-0.44
2024-12-29 06:00:00,0.00,0.01,271.77,-0.58,-0.97
2024-12-29 08:00:00,13491.31,0.01,271.48,-0.62,-0.99
2024-12-29 10:00:00,872879.17,0.01,276.40,-0.78,-0.70
2024-12-29 12:00:00,1575046.96,0.01,280.82,-0.23,-1.01
2024-12-29 14:00:00,1467275.60,0.01,282.95,0.05,-1.12
2024-12-29 16:00:00,654040.13,0.01,282.63,-0.28,-0.82
2024-12-29 18:00:00,0.00,0.01,278.05,-1.14,-1.11
2024-12-29 20:00:00,0.00,0.01,276.14,-0.91,-1.19
2024-12-29 22:00:00,0.00,0.04,274.69,-0.46,-1.10
2024-12-30 06:00:00,0.00,0.23,272.18,-0.38,-1.10
2024-12-30 08:00:00,10747.38,0.43,272.00,-0.37,-1.18
2024-12-30 10:00:00,652330.22,0.45,276.29,-0.18,-0.96
2024-12-30 12:00:00,1206310.46,0.36,279.48,0.38,-1.12
2024-12-30 14:00:00,1245506.24,0.41,281.44,0.24,-0.99
2024-12-30 16:00:00,628130.70,0.08,281.26,-0.13,-0.81
2024-12-30 18:00:00,0.00,0.03,277.34,-1.07,-0.81
2024-12-30 20:00:00,0.00,0.02,275.18,-1.10,-0.90
2024-12-30 22:00:00,0.00,0.01,273.84,-1.08,-0.91
2024-12-31 06:00:00,0.00,0.11,271.32,-0.82,-0.83
2024-12-31 08:00:00,12033.51,0.16,271.11,-0.65,-1.11
2024-12-31 10:00:00,781959.94,0.18,275.47,-0.59,-0.93
2024-12-31 12:00:00,1460941.92,0.14,279.64,-0.03,-0.87
2024-12-31 14:00:00,1431562.04,0.09,281.94,-0.13,-0.96
2024-12-31 16:00:00,633727.21,0.10,281.59,-0.38,-0.53
2024-12-31 18:00:00,0.00,0.18,277.65,-1.34,-0.44
2024-12-31 20:00:00,0.00,0.25,275.46,-1.36,-1.09
2024-12-31 22:00:00,0.00,0.24,274.15,-1.02,-1.03
